CURRENT_EPISODE_NUMBER, TOTAL_REWARD_AT_END_OF_THIS_EPISODE0 ,-135
1 ,-135
2 ,385
3 ,-135
4 ,-135
5 ,-135
6 ,-135
7 ,-135
8 ,365
9 ,-135
10 ,440
11 ,370
12 ,-135
13 ,-135
14 ,-135
15 ,380
16 ,-135
17 ,415
18 ,420
19 ,380
20 ,-135
21 ,395
22 ,375
23 ,375
24 ,-135
25 ,390
26 ,-135
27 ,385
28 ,-135
29 ,405
30 ,425
31 ,-135
32 ,420
33 ,425
34 ,-135
35 ,385
36 ,410
37 ,390
38 ,415
39 ,420
40 ,370
41 ,410
42 ,-135
43 ,-135
44 ,380
45 ,395
46 ,-135
47 ,390
48 ,385
49 ,-135
50 ,440
51 ,425
52 ,410
53 ,410
54 ,405
55 ,455
56 ,370
57 ,-135
58 ,-135
59 ,405
60 ,-135
61 ,390
62 ,400
63 ,415
64 ,385
65 ,395
66 ,415
67 ,-135
68 ,405
69 ,455
70 ,420
71 ,-135
72 ,400
73 ,380
74 ,420
75 ,410
76 ,430
77 ,405
78 ,385
79 ,425
80 ,450
81 ,390
82 ,435
83 ,430
84 ,460
85 ,-135
86 ,410
87 ,415
88 ,450
89 ,415
90 ,-135
91 ,415
92 ,-135
93 ,395
94 ,435
95 ,405
96 ,425
97 ,370
98 ,-135
99 ,455
100 ,-135
101 ,415
102 ,435
103 ,375
104 ,380
105 ,450
106 ,415
107 ,410
108 ,410
109 ,420
110 ,400
111 ,420
112 ,395
113 ,-135
114 ,425
115 ,455
116 ,430
117 ,415
118 ,390
119 ,400
120 ,390
121 ,405
122 ,435
123 ,420
124 ,450
125 ,455
126 ,370
127 ,425
128 ,415
129 ,375
130 ,420
131 ,445
132 ,370
133 ,410
134 ,430
135 ,450
136 ,-135
137 ,460
138 ,-135
139 ,435
140 ,435
141 ,430
142 ,450
143 ,390
144 ,415
145 ,-135
146 ,420
147 ,445
148 ,375
149 ,440
150 ,440
151 ,450
152 ,-135
153 ,460
154 ,470
155 ,410
156 ,450
157 ,450
158 ,-135
159 ,435
160 ,405
161 ,370
162 ,415
163 ,415
164 ,365
165 ,445
166 ,440
167 ,450
168 ,395
169 ,405
170 ,-135
171 ,465
172 ,440
173 ,380
174 ,450
175 ,425
176 ,435
177 ,410
178 ,450
179 ,420
180 ,395
181 ,420
182 ,460
183 ,405
184 ,-135
185 ,430
186 ,-135
187 ,415
188 ,-135
189 ,380
190 ,440
191 ,400
192 ,395
193 ,405
194 ,-135
195 ,410
196 ,400
197 ,405
198 ,430
199 ,435
200 ,465
201 ,455
202 ,390
203 ,-135
204 ,460
205 ,390
206 ,370
207 ,415
208 ,430
209 ,410
210 ,405
211 ,425
212 ,415
213 ,400
214 ,-135
215 ,465
216 ,450
217 ,440
218 ,405
219 ,430
220 ,460
221 ,405
222 ,435
223 ,430
224 ,440
225 ,425
226 ,455
227 ,420
228 ,415
229 ,430
230 ,425
231 ,400
232 ,420
233 ,460
234 ,415
235 ,435
236 ,410
237 ,440
238 ,410
239 ,385
240 ,410
241 ,380
242 ,440
243 ,435
244 ,445
245 ,420
246 ,450
247 ,450
248 ,445
249 ,435
250 ,435
251 ,460
252 ,440
253 ,365
254 ,415
255 ,435
256 ,470
257 ,420
258 ,395
259 ,-135
260 ,385
261 ,450
262 ,415
263 ,410
264 ,-135
265 ,-135
266 ,410
267 ,440
268 ,375
269 ,430
270 ,430
271 ,380
272 ,465
273 ,440
274 ,390
275 ,445
276 ,450
277 ,445
278 ,425
279 ,440
280 ,445
281 ,450
282 ,410
283 ,435
284 ,400
285 ,395
286 ,415
287 ,435
288 ,410
289 ,395
290 ,430
291 ,-135
292 ,445
293 ,-135
294 ,435
295 ,385
296 ,430
297 ,-135
298 ,425
299 ,415
300 ,-135
301 ,435
302 ,415
303 ,400
304 ,410
305 ,425
306 ,435
307 ,-135
308 ,390
309 ,415
310 ,450
311 ,395
312 ,445
313 ,440
314 ,420
315 ,430
316 ,410
317 ,450
318 ,450
319 ,425
320 ,420
321 ,420
322 ,410
323 ,375
324 ,455
325 ,420
326 ,435
327 ,455
328 ,460
329 ,-135
330 ,380
331 ,425
332 ,415
333 ,420
334 ,-135
335 ,460
336 ,420
337 ,-135
338 ,445
339 ,460
340 ,380
341 ,440
342 ,420
343 ,450
344 ,440
345 ,405
346 ,375
347 ,435
348 ,-135
349 ,405
350 ,455
351 ,380
352 ,-135
353 ,-135
354 ,405
355 ,430
356 ,420
357 ,405
358 ,435
359 ,380
360 ,405
361 ,415
362 ,390
363 ,440
364 ,400
365 ,415
366 ,405
367 ,455
368 ,445
369 ,425
370 ,430
371 ,455
372 ,435
373 ,440
374 ,450
375 ,400
376 ,430
377 ,-135
378 ,-135
379 ,-135
380 ,375
381 ,410
382 ,395
383 ,405
384 ,455
385 ,415
386 ,380
387 ,450
388 ,415
389 ,380
390 ,460
391 ,415
392 ,425
393 ,455
394 ,-135
395 ,455
396 ,455
397 ,420
398 ,370
399 ,-135
400 ,390
401 ,400
402 ,-135
403 ,370
404 ,-135
405 ,425
406 ,450
407 ,375
408 ,410
409 ,440
410 ,425
411 ,455
412 ,-135
413 ,445
414 ,460
415 ,430
416 ,385
417 ,440
418 ,-135
419 ,410
420 ,370
421 ,-135
422 ,430
423 ,415
424 ,365
425 ,-135
426 ,365
427 ,380
428 ,430
429 ,440
430 ,405
431 ,445
432 ,455
433 ,375
434 ,380
435 ,405
436 ,425
437 ,410
438 ,445
439 ,460
440 ,455
441 ,435
442 ,-135
443 ,380
444 ,425
445 ,375
446 ,430
447 ,400
448 ,425
449 ,375
450 ,440
451 ,445
452 ,445
453 ,380
454 ,410
455 ,430
456 ,420
457 ,405
458 ,-135
459 ,390
460 ,455
461 ,445
462 ,470
463 ,410
464 ,390
465 ,390
466 ,420
467 ,425
468 ,-135
469 ,410
470 ,445
471 ,430
472 ,440
473 ,435
474 ,375
475 ,375
476 ,370
477 ,425
478 ,460
479 ,455
480 ,410
481 ,410
482 ,-135
483 ,450
484 ,385
485 ,400
486 ,-135
487 ,445
488 ,455
489 ,375
490 ,415
491 ,435
492 ,-135
493 ,-135
494 ,410
495 ,400
496 ,445
497 ,365
498 ,395
499 ,-135
500 ,425
501 ,385
502 ,415
503 ,380
504 ,470
505 ,405
506 ,470
507 ,420
508 ,390
509 ,400
510 ,415
511 ,420
512 ,-135
513 ,420
514 ,430
515 ,435
516 ,430
517 ,430
518 ,425
519 ,370
520 ,460
521 ,390
522 ,430
523 ,-135
524 ,390
525 ,430
526 ,445
527 ,-135
528 ,-135
529 ,445
530 ,435
531 ,-135
532 ,400
533 ,465
534 ,370
535 ,430
536 ,425
537 ,410
538 ,385
539 ,430
540 ,425
541 ,415
542 ,445
543 ,430
544 ,415
545 ,415
546 ,450
547 ,-135
548 ,415
549 ,470
550 ,395
551 ,445
552 ,-135
553 ,395
554 ,375
555 ,415
556 ,420
557 ,405
558 ,440
559 ,460
560 ,465
561 ,410
562 ,445
563 ,420
564 ,450
565 ,420
566 ,445
567 ,405
568 ,375
569 ,415
570 ,395
571 ,455
572 ,415
573 ,405
574 ,415
575 ,390
576 ,395
577 ,420
578 ,455
579 ,450
580 ,-135
581 ,445
582 ,385
583 ,455
584 ,410
585 ,415
586 ,395
587 ,440
588 ,410
589 ,430
590 ,455
591 ,425
592 ,470
593 ,390
594 ,420
595 ,435
596 ,395
597 ,465
598 ,-135
599 ,415
600 ,430
601 ,460
602 ,395
603 ,395
604 ,465
605 ,420
606 ,420
607 ,470
608 ,420
609 ,390
610 ,425
611 ,440
612 ,365
613 ,400
614 ,420
615 ,-135
616 ,410
617 ,440
618 ,-135
619 ,435
620 ,-135
621 ,420
622 ,425
623 ,440
624 ,465
625 ,420
626 ,455
627 ,420
628 ,430
629 ,-135
630 ,435
631 ,430
632 ,410
633 ,410
634 ,435
635 ,405
636 ,390
637 ,410
638 ,425
639 ,-135
640 ,-135
641 ,-135
642 ,420
643 ,395
644 ,395
645 ,440
646 ,400
647 ,465
648 ,375
649 ,445
650 ,430
651 ,445
652 ,380
653 ,445
654 ,450
655 ,415
656 ,465
657 ,430
658 ,425
659 ,435
660 ,425
661 ,425
662 ,410
663 ,-135
664 ,385
665 ,415
666 ,-135
667 ,430
668 ,450
669 ,435
670 ,410
671 ,-135
672 ,385
673 ,390
674 ,-135
675 ,-135
676 ,410
677 ,400
678 ,425
679 ,-135
680 ,420
681 ,395
682 ,405
683 ,440
684 ,405
685 ,420
686 ,415
687 ,385
688 ,440
689 ,-135
690 ,395
691 ,400
692 ,440
693 ,365
694 ,415
695 ,410
696 ,430
697 ,410
698 ,415
699 ,425
700 ,-135
701 ,445
702 ,410
703 ,420
704 ,435
705 ,445
706 ,-135
707 ,400
708 ,-135
709 ,425
710 ,375
711 ,465
712 ,390
713 ,365
714 ,425
715 ,-135
716 ,450
717 ,445
718 ,465
719 ,435
720 ,440
721 ,405
722 ,440
723 ,405
724 ,425
725 ,380
726 ,465
727 ,450
728 ,395
729 ,380
730 ,440
731 ,420
732 ,435
733 ,420
734 ,395
735 ,370
736 ,420
737 ,380
738 ,405
739 ,435
740 ,365
741 ,365
742 ,-135
743 ,410
744 ,440
745 ,445
746 ,370
747 ,430
748 ,465
749 ,455
750 ,405
751 ,460
752 ,410
753 ,425
754 ,425
755 ,430
756 ,365
757 ,405
758 ,440
759 ,395
760 ,385
761 ,-135
762 ,-135
763 ,440
764 ,375
765 ,435
766 ,400
767 ,455
768 ,-135
769 ,405
770 ,-135
771 ,395
772 ,395
773 ,380
774 ,440
775 ,435
776 ,415
777 ,470
778 ,380
779 ,450
780 ,-135
781 ,410
782 ,-135
783 ,440
784 ,445
785 ,385
786 ,415
787 ,415
788 ,410
789 ,445
790 ,390
791 ,460
792 ,450
793 ,455
794 ,455
795 ,405
796 ,-135
797 ,455
798 ,370
799 ,-135
800 ,400
801 ,440
802 ,-135
803 ,450
804 ,390
805 ,380
806 ,385
807 ,-135
808 ,390
809 ,375
810 ,-135
811 ,450
812 ,460
813 ,430
814 ,450
815 ,470
816 ,385
817 ,445
818 ,440
819 ,405
820 ,440
821 ,385
822 ,375
823 ,405
824 ,425
825 ,420
826 ,440
827 ,420
828 ,370
829 ,440
830 ,380
831 ,410
832 ,395
833 ,-135
834 ,460
835 ,-135
836 ,375
837 ,435
838 ,450
839 ,430
840 ,375
841 ,465
842 ,415
843 ,455
844 ,380
845 ,-135
846 ,370
847 ,450
848 ,425
849 ,-135
850 ,400
851 ,415
852 ,455
853 ,380
854 ,430
855 ,410
856 ,385
857 ,425
858 ,435
859 ,415
860 ,465
861 ,-135
862 ,410
863 ,395
864 ,-135
865 ,420
866 ,-135
867 ,405
868 ,420
869 ,445
870 ,420
871 ,385
872 ,425
873 ,435
874 ,450
875 ,-135
876 ,-135
877 ,375
878 ,440
879 ,-135
880 ,460
881 ,440
882 ,405
883 ,-135
884 ,415
885 ,-135
886 ,390
887 ,470
888 ,455
889 ,425
890 ,420
891 ,445
892 ,400
893 ,425
894 ,470
895 ,400
896 ,435
897 ,380
898 ,385
899 ,420
900 ,415
901 ,-135
902 ,410
903 ,450
904 ,460
905 ,365
906 ,-135
907 ,435
908 ,425
909 ,460
910 ,405
911 ,370
912 ,385
913 ,410
914 ,450
915 ,-135
916 ,425
917 ,435
918 ,455
919 ,455
920 ,410
921 ,405
922 ,440
923 ,435
924 ,430
925 ,450
926 ,395
927 ,455
928 ,445
929 ,410
930 ,445
931 ,-135
932 ,420
933 ,440
934 ,410
935 ,390
936 ,435
937 ,-135
938 ,370
939 ,-135
940 ,405
941 ,470
942 ,-135
943 ,405
944 ,460
945 ,445
946 ,410
947 ,420
948 ,445
949 ,460
950 ,415
951 ,440
952 ,425
953 ,365
954 ,375
955 ,415
956 ,415
957 ,430
958 ,425
959 ,425
960 ,385
961 ,405
962 ,430
963 ,400
964 ,430
965 ,430
966 ,395
967 ,-135
968 ,415
969 ,-135
970 ,420
971 ,385
972 ,430
973 ,460
974 ,425
975 ,415
976 ,-135
977 ,-135
978 ,410
979 ,385
980 ,390
981 ,440
982 ,445
983 ,430
984 ,440
985 ,385
986 ,460
987 ,420
988 ,440
989 ,365
990 ,445
991 ,430
992 ,465
993 ,420
994 ,450
995 ,410
996 ,465
997 ,415
998 ,-135
999 ,385
1000 ,435
1001 ,430
1002 ,410
1003 ,470
1004 ,-135
1005 ,-135
1006 ,405
1007 ,-135
1008 ,-135
1009 ,465
1010 ,375
1011 ,375
1012 ,365
1013 ,-135
1014 ,415
1015 ,-135
1016 ,445
1017 ,435
1018 ,400
1019 ,395
1020 ,445
1021 ,-135
1022 ,450
1023 ,380
1024 ,435
1025 ,410
1026 ,415
1027 ,-135
1028 ,420
1029 ,455
1030 ,380
1031 ,440
1032 ,410
1033 ,400
1034 ,-135
1035 ,440
1036 ,440
1037 ,450
1038 ,445
1039 ,370
1040 ,460
1041 ,375
1042 ,410
1043 ,405
1044 ,410
1045 ,415
1046 ,410
1047 ,365
1048 ,445
1049 ,400
1050 ,425
1051 ,375
1052 ,445
1053 ,420
1054 ,410
1055 ,-135
1056 ,375
1057 ,405
1058 ,420
1059 ,430
1060 ,410
1061 ,410
1062 ,415
1063 ,430
1064 ,410
1065 ,445
1066 ,390
1067 ,-135
1068 ,410
1069 ,365
1070 ,435
1071 ,405
1072 ,445
1073 ,-135
1074 ,410
1075 ,-135
1076 ,-135
1077 ,420
1078 ,430
1079 ,-135
1080 ,400
1081 ,380
1082 ,395
1083 ,-135
1084 ,415
1085 ,395
1086 ,420
1087 ,405
1088 ,440
1089 ,375
1090 ,445
1091 ,470
1092 ,-135
1093 ,-135
1094 ,430
1095 ,425
1096 ,370
1097 ,420
1098 ,385
1099 ,465
1100 ,-135
1101 ,400
1102 ,425
1103 ,-135
1104 ,455
1105 ,455
1106 ,420
1107 ,405
1108 ,415
1109 ,385
1110 ,380
1111 ,445
1112 ,455
1113 ,415
1114 ,-135
1115 ,-135
1116 ,395
1117 ,460
1118 ,395
1119 ,450
1120 ,455
1121 ,425
1122 ,430
1123 ,375
1124 ,455
1125 ,445
1126 ,400
1127 ,440
1128 ,440
1129 ,385
1130 ,375
1131 ,430
1132 ,420
1133 ,365
1134 ,400
1135 ,400
1136 ,440
1137 ,400
1138 ,395
1139 ,415
1140 ,440
1141 ,390
1142 ,445
1143 ,425
1144 ,455
1145 ,400
1146 ,430
1147 ,410
1148 ,425
1149 ,455
1150 ,425
1151 ,430
1152 ,420
1153 ,470
1154 ,410
1155 ,415
1156 ,450
1157 ,365
1158 ,435
1159 ,435
1160 ,440
1161 ,395
1162 ,420
1163 ,425
1164 ,-135
1165 ,450
1166 ,435
1167 ,470
1168 ,435
1169 ,-135
1170 ,425
1171 ,370
1172 ,405
1173 ,395
1174 ,410
1175 ,450
1176 ,390
1177 ,415
1178 ,430
1179 ,385
1180 ,450
1181 ,420
1182 ,465
1183 ,465
1184 ,-135
1185 ,420
1186 ,420
1187 ,440
1188 ,405
1189 ,400
1190 ,430
1191 ,420
1192 ,435
1193 ,395
1194 ,415
1195 ,450
1196 ,455
1197 ,375
1198 ,385
1199 ,395
1200 ,430
1201 ,455
1202 ,415
1203 ,425
1204 ,365
1205 ,430
1206 ,445
1207 ,385
1208 ,455
1209 ,420
1210 ,400
1211 ,380
1212 ,430
1213 ,415
1214 ,455
1215 ,400
1216 ,420
1217 ,380
1218 ,440
1219 ,-135
1220 ,400
1221 ,425
1222 ,385
1223 ,405
1224 ,440
1225 ,445
1226 ,440
1227 ,370
1228 ,370
1229 ,435
1230 ,435
1231 ,400
1232 ,380
1233 ,-135
1234 ,415
1235 ,460
1236 ,420
1237 ,400
1238 ,-135
1239 ,410
1240 ,425
1241 ,445
1242 ,415
1243 ,430
1244 ,440
1245 ,390
1246 ,440
1247 ,435
1248 ,435
1249 ,460
1250 ,415
1251 ,430
1252 ,395
1253 ,425
1254 ,425
1255 ,455
1256 ,460
1257 ,430
1258 ,375
1259 ,420
1260 ,460
1261 ,430
1262 ,430
1263 ,-135
1264 ,375
1265 ,405
1266 ,470
1267 ,425
1268 ,410
1269 ,380
1270 ,435
1271 ,435
1272 ,385
1273 ,420
1274 ,460
1275 ,-135
1276 ,385
1277 ,375
1278 ,445
1279 ,380
1280 ,-135
1281 ,420
1282 ,410
1283 ,-135
1284 ,395
1285 ,415
1286 ,-135
1287 ,415
1288 ,385
1289 ,-135
1290 ,400
1291 ,390
1292 ,460
1293 ,435
1294 ,430
1295 ,465
1296 ,425
1297 ,445
1298 ,430
1299 ,410
1300 ,415
1301 ,410
1302 ,460
1303 ,-135
1304 ,430
1305 ,415
1306 ,465
1307 ,415
1308 ,405
1309 ,385
1310 ,370
1311 ,445
1312 ,465
1313 ,420
1314 ,380
1315 ,435
1316 ,-135
1317 ,470
1318 ,385
1319 ,435
1320 ,425
1321 ,425
1322 ,445
1323 ,435
1324 ,425
1325 ,440
1326 ,380
1327 ,450
1328 ,465
1329 ,450
1330 ,415
1331 ,410
1332 ,395
1333 ,445
1334 ,-135
1335 ,430
1336 ,440
1337 ,405
1338 ,-135
1339 ,405
1340 ,440
1341 ,-135
1342 ,395
1343 ,425
1344 ,420
1345 ,425
1346 ,465
1347 ,415
1348 ,365
1349 ,420
1350 ,465
1351 ,405
1352 ,425
1353 ,420
1354 ,425
1355 ,445
1356 ,430
1357 ,415
1358 ,430
1359 ,465
1360 ,400
1361 ,435
1362 ,470
1363 ,375
1364 ,-135
1365 ,415
1366 ,440
1367 ,435
1368 ,440
1369 ,445
1370 ,395
1371 ,450
1372 ,-135
1373 ,410
1374 ,425
1375 ,450
1376 ,370
1377 ,420
1378 ,-135
1379 ,410
1380 ,-135
1381 ,435
1382 ,-135
1383 ,445
1384 ,415
1385 ,410
1386 ,400
1387 ,385
1388 ,-135
1389 ,435
1390 ,405
1391 ,415
1392 ,-135
1393 ,405
1394 ,-135
1395 ,440
1396 ,460
1397 ,400
1398 ,420
1399 ,370
1400 ,370
1401 ,390
1402 ,465
1403 ,440
1404 ,440
1405 ,425
1406 ,455
1407 ,385
1408 ,380
1409 ,425
1410 ,-135
1411 ,405
1412 ,415
1413 ,415
1414 ,375
1415 ,425
1416 ,395
1417 ,-135
1418 ,435
1419 ,425
1420 ,425
1421 ,425
1422 ,455
1423 ,-135
1424 ,420
1425 ,395
1426 ,405
1427 ,445
1428 ,435
1429 ,-135
1430 ,460
1431 ,-135
1432 ,400
1433 ,400
1434 ,400
1435 ,405
1436 ,435
1437 ,420
1438 ,430
1439 ,405
1440 ,450
1441 ,460
1442 ,365
1443 ,-135
1444 ,-135
1445 ,395
1446 ,470
1447 ,370
1448 ,425
1449 ,435
1450 ,415
1451 ,-135
1452 ,440
1453 ,-135
1454 ,415
1455 ,405
1456 ,-135
1457 ,405
1458 ,390
1459 ,405
1460 ,455
1461 ,430
1462 ,365
1463 ,445
1464 ,-135
1465 ,460
1466 ,-135
1467 ,430
1468 ,375
1469 ,395
1470 ,420
1471 ,465
1472 ,415
1473 ,405
1474 ,450
1475 ,455
1476 ,435
1477 ,-135
1478 ,390
1479 ,440
1480 ,420
1481 ,450
1482 ,450
1483 ,445
1484 ,370
1485 ,405
1486 ,425
1487 ,-135
1488 ,455
1489 ,425
1490 ,395
1491 ,450
1492 ,445
1493 ,-135
1494 ,395
1495 ,-135
1496 ,455
1497 ,380
1498 ,420
1499 ,-135
1500 ,415
1501 ,-135
1502 ,425
1503 ,420
1504 ,425
1505 ,450
1506 ,440
1507 ,435
1508 ,410
1509 ,400
1510 ,400
1511 ,470
1512 ,-135
1513 ,445
1514 ,440
1515 ,430
1516 ,445
1517 ,415
1518 ,405
1519 ,445
1520 ,365
1521 ,450
1522 ,465
1523 ,-135
1524 ,430
1525 ,410
1526 ,390
1527 ,-135
1528 ,425
1529 ,430
1530 ,455
1531 ,445
1532 ,410
1533 ,450
1534 ,365
1535 ,415
1536 ,410
1537 ,425
1538 ,405
1539 ,-135
1540 ,445
1541 ,410
1542 ,450
1543 ,465
1544 ,435
1545 ,435
1546 ,450
1547 ,370
1548 ,415
1549 ,400
1550 ,440
1551 ,450
1552 ,415
1553 ,470
1554 ,435
1555 ,-135
1556 ,385
1557 ,420
1558 ,455
1559 ,390
1560 ,440
1561 ,470
1562 ,440
1563 ,-135
1564 ,430
1565 ,420
1566 ,445
1567 ,435
1568 ,400
1569 ,395
1570 ,425
1571 ,-135
1572 ,445
1573 ,415
1574 ,440
1575 ,460
1576 ,405
1577 ,365
1578 ,405
1579 ,-135
1580 ,465
1581 ,400
1582 ,435
1583 ,450
1584 ,395
1585 ,410
1586 ,460
1587 ,-135
1588 ,415
1589 ,435
1590 ,445
1591 ,435
1592 ,435
1593 ,430
1594 ,445
1595 ,455
1596 ,440
1597 ,440
1598 ,-135
1599 ,-135
1600 ,410
1601 ,400
1602 ,-135
1603 ,450
1604 ,435
1605 ,455
1606 ,405
1607 ,380
1608 ,425
1609 ,455
1610 ,435
1611 ,440
1612 ,450
1613 ,440
1614 ,430
1615 ,380
1616 ,460
1617 ,-135
1618 ,385
1619 ,440
1620 ,410
1621 ,460
1622 ,450
1623 ,425
1624 ,365
1625 ,430
1626 ,400
1627 ,440
1628 ,440
1629 ,460
1630 ,395
1631 ,410
1632 ,440
1633 ,395
1634 ,450
1635 ,390
1636 ,410
1637 ,455
1638 ,440
1639 ,430
1640 ,450
1641 ,375
1642 ,445
1643 ,-135
1644 ,-135
1645 ,400
1646 ,-135
1647 ,405
1648 ,430
1649 ,430
1650 ,415
1651 ,-135
1652 ,445
1653 ,410
1654 ,450
1655 ,445
1656 ,430
1657 ,-135
1658 ,380
1659 ,465
1660 ,445
1661 ,390
1662 ,460
1663 ,420
1664 ,375
1665 ,405
1666 ,435
1667 ,405
1668 ,430
1669 ,445
1670 ,375
1671 ,430
1672 ,385
1673 ,-135
1674 ,390
1675 ,420
1676 ,390
1677 ,405
1678 ,405
1679 ,420
1680 ,-135
1681 ,430
1682 ,430
1683 ,400
1684 ,400
1685 ,405
1686 ,400
1687 ,450
1688 ,-135
1689 ,410
1690 ,400
1691 ,415
1692 ,425
1693 ,450
1694 ,425
1695 ,460
1696 ,455
1697 ,445
1698 ,405
1699 ,445
1700 ,-135
1701 ,450
1702 ,410
1703 ,-135
1704 ,455
1705 ,440
1706 ,415
1707 ,445
1708 ,415
1709 ,450
1710 ,440
1711 ,455
1712 ,445
1713 ,430
1714 ,405
1715 ,405
1716 ,385
1717 ,400
1718 ,410
1719 ,435
1720 ,420
1721 ,-135
1722 ,370
1723 ,415
1724 ,-135
1725 ,-135
1726 ,375
1727 ,-135
1728 ,425
1729 ,395
1730 ,440
1731 ,460
1732 ,470
1733 ,455
1734 ,-135
1735 ,445
1736 ,405
1737 ,395
1738 ,395
1739 ,435
1740 ,440
1741 ,400
1742 ,445
1743 ,415
1744 ,405
1745 ,380
1746 ,420
1747 ,425
1748 ,420
1749 ,400
1750 ,-135
1751 ,450
1752 ,415
1753 ,385
1754 ,395
1755 ,450
1756 ,405
1757 ,440
1758 ,430
1759 ,445
1760 ,425
1761 ,425
1762 ,420
1763 ,385
1764 ,450
1765 ,430
1766 ,380
1767 ,380
1768 ,-135
1769 ,-135
1770 ,420
1771 ,440
1772 ,425
1773 ,370
1774 ,460
1775 ,430
1776 ,390
1777 ,460
1778 ,445
1779 ,410
1780 ,395
1781 ,375
1782 ,425
1783 ,435
1784 ,425
1785 ,400
1786 ,395
1787 ,405
1788 ,405
1789 ,365
1790 ,435
1791 ,410
1792 ,420
1793 ,395
1794 ,420
1795 ,370
1796 ,370
1797 ,-135
1798 ,385
1799 ,435
1800 ,405
1801 ,455
1802 ,385
1803 ,430
1804 ,435
1805 ,395
1806 ,450
1807 ,425
1808 ,410
1809 ,445
1810 ,420
1811 ,465
1812 ,415
1813 ,420
1814 ,385
1815 ,405
1816 ,460
1817 ,440
1818 ,430
1819 ,470
1820 ,435
1821 ,450
1822 ,415
1823 ,400
1824 ,415
1825 ,420
1826 ,410
1827 ,435
1828 ,455
1829 ,450
1830 ,450
1831 ,375
1832 ,460
1833 ,395
1834 ,440
1835 ,380
1836 ,415
1837 ,-135
1838 ,-135
1839 ,-135
1840 ,465
1841 ,425
1842 ,-135
1843 ,430
1844 ,410
1845 ,420
1846 ,460
1847 ,435
1848 ,380
1849 ,-135
1850 ,440
1851 ,460
1852 ,395
1853 ,460
1854 ,405
1855 ,440
1856 ,410
1857 ,460
1858 ,460
1859 ,455
1860 ,410
1861 ,410
1862 ,460
1863 ,430
1864 ,-135
1865 ,-135
1866 ,405
1867 ,450
1868 ,440
1869 ,-135
1870 ,405
1871 ,435
1872 ,450
1873 ,450
1874 ,380
1875 ,425
1876 ,405
1877 ,440
1878 ,430
1879 ,410
1880 ,385
1881 ,420
1882 ,385
1883 ,460
1884 ,-135
1885 ,380
1886 ,-135
1887 ,425
1888 ,375
1889 ,450
1890 ,390
1891 ,430
1892 ,400
1893 ,440
1894 ,405
1895 ,395
1896 ,405
1897 ,-135
1898 ,375
1899 ,420
1900 ,445
1901 ,440
1902 ,425
1903 ,385
1904 ,390
1905 ,415
1906 ,445
1907 ,430
1908 ,420
1909 ,375
1910 ,370
1911 ,-135
1912 ,445
1913 ,465
1914 ,450
1915 ,450
1916 ,395
1917 ,470
1918 ,395
1919 ,425
1920 ,455
1921 ,465
1922 ,385
1923 ,430
1924 ,410
1925 ,-135
1926 ,405
1927 ,425
1928 ,415
1929 ,415
1930 ,445
1931 ,430
1932 ,460
1933 ,450
1934 ,460
1935 ,455
1936 ,450
1937 ,395
1938 ,420
1939 ,380
1940 ,455
1941 ,400
1942 ,455
1943 ,430
1944 ,410
1945 ,410
1946 ,-135
1947 ,460
1948 ,430
1949 ,380
1950 ,405
1951 ,460
1952 ,385
1953 ,405
1954 ,430
1955 ,415
1956 ,-135
1957 ,380
1958 ,455
1959 ,470
1960 ,400
1961 ,-135
1962 ,370
1963 ,455
1964 ,-135
1965 ,455
1966 ,400
1967 ,-135
1968 ,430
1969 ,370
1970 ,400
1971 ,465
1972 ,375
1973 ,450
1974 ,420
1975 ,385
1976 ,450
1977 ,365
1978 ,425
1979 ,410
1980 ,440
1981 ,-135
1982 ,395
1983 ,390
1984 ,415
1985 ,465
1986 ,400
1987 ,430
1988 ,390
1989 ,425
1990 ,410
1991 ,380
1992 ,470
1993 ,380
1994 ,405
1995 ,425
1996 ,380
1997 ,400
1998 ,445
1999 ,410
2000 ,415
2001 ,440
2002 ,430
2003 ,400
2004 ,425
2005 ,370
2006 ,415
2007 ,-135
2008 ,390
2009 ,405
2010 ,385
2011 ,415
2012 ,405
2013 ,435
2014 ,410
2015 ,-135
2016 ,455
2017 ,430
2018 ,-135
2019 ,380
2020 ,430
2021 ,470
2022 ,395
2023 ,460
2024 ,435
2025 ,410
2026 ,465
2027 ,390
2028 ,450
2029 ,410
2030 ,435
2031 ,465
2032 ,435
2033 ,445
2034 ,425
2035 ,400
2036 ,400
2037 ,405
2038 ,435
2039 ,420
2040 ,435
2041 ,455
2042 ,375
2043 ,450
2044 ,385
2045 ,415
2046 ,395
2047 ,455
2048 ,460
2049 ,410
2050 ,415
2051 ,445
2052 ,450
2053 ,-135
2054 ,365
2055 ,395
2056 ,425
2057 ,445
2058 ,445
2059 ,435
2060 ,415
2061 ,400
2062 ,395
2063 ,460
2064 ,370
2065 ,435
2066 ,450
2067 ,440
2068 ,400
2069 ,405
2070 ,455
2071 ,405
2072 ,440
2073 ,410
2074 ,-135
2075 ,-135
2076 ,455
2077 ,460
2078 ,-135
2079 ,440
2080 ,370
2081 ,445
2082 ,385
2083 ,400
2084 ,410
2085 ,385
2086 ,390
2087 ,-135
2088 ,-135
2089 ,435
2090 ,430
2091 ,395
2092 ,430
2093 ,410
2094 ,440
2095 ,415
2096 ,-135
2097 ,-135
2098 ,445
2099 ,-135
2100 ,425
2101 ,440
2102 ,370
2103 ,395
2104 ,385
2105 ,-135
2106 ,455
2107 ,410
2108 ,-135
2109 ,415
2110 ,430
2111 ,380
2112 ,385
2113 ,425
2114 ,410
2115 ,455
2116 ,460
2117 ,440
2118 ,-135
2119 ,390
2120 ,450
2121 ,375
2122 ,385
2123 ,390
2124 ,375
2125 ,465
2126 ,-135
2127 ,415
2128 ,445
2129 ,415
2130 ,465
2131 ,425
2132 ,450
2133 ,445
2134 ,415
2135 ,435
2136 ,455
2137 ,-135
2138 ,430
2139 ,410
2140 ,-135
2141 ,385
2142 ,-135
2143 ,385
2144 ,435
2145 ,-135
2146 ,385
2147 ,455
2148 ,-135
2149 ,420
2150 ,465
2151 ,395
2152 ,435
2153 ,375
2154 ,470
2155 ,-135
2156 ,-135
2157 ,385
2158 ,435
2159 ,440
2160 ,445
2161 ,390
2162 ,425
2163 ,455
2164 ,395
2165 ,370
2166 ,380
2167 ,-135
2168 ,390
2169 ,450
2170 ,380
2171 ,375
2172 ,435
2173 ,385
2174 ,395
2175 ,420
2176 ,400
2177 ,390
2178 ,435
2179 ,425
2180 ,455
2181 ,435
2182 ,430
2183 ,440
2184 ,-135
2185 ,455
2186 ,370
2187 ,440
2188 ,-135
2189 ,425
2190 ,415
2191 ,415
2192 ,455
2193 ,445
2194 ,445
2195 ,405
2196 ,420
2197 ,370
2198 ,-135
2199 ,430
2200 ,435
2201 ,-135
2202 ,410
2203 ,425
2204 ,390
2205 ,380
2206 ,445
2207 ,455
2208 ,425
2209 ,455
2210 ,-135
2211 ,445
2212 ,445
2213 ,380
2214 ,445
2215 ,440
2216 ,445
2217 ,435
2218 ,-135
2219 ,-135
2220 ,-135
2221 ,-135
2222 ,410
2223 ,450
2224 ,-135
2225 ,-135
2226 ,385
2227 ,410
2228 ,440
2229 ,375
2230 ,450
2231 ,370
2232 ,425
2233 ,430
2234 ,430
2235 ,400
2236 ,375
2237 ,420
2238 ,435
2239 ,-135
2240 ,435
2241 ,-135
2242 ,460
2243 ,440
2244 ,370
2245 ,440
2246 ,-135
2247 ,435
2248 ,385
2249 ,430
2250 ,445
2251 ,365
2252 ,405
2253 ,375
2254 ,465
2255 ,370
2256 ,440
2257 ,390
2258 ,410
2259 ,450
2260 ,450
2261 ,-135
2262 ,-135
2263 ,445
2264 ,-135
2265 ,455
2266 ,-135
2267 ,-135
2268 ,450
2269 ,-135
2270 ,370
2271 ,445
2272 ,420
2273 ,400
2274 ,425
2275 ,370
2276 ,445
2277 ,415
2278 ,405
2279 ,455
2280 ,435
2281 ,390
2282 ,440
2283 ,400
2284 ,390
2285 ,460
2286 ,365
2287 ,370
2288 ,420
2289 ,460
2290 ,445
2291 ,-135
2292 ,440
2293 ,445
2294 ,410
2295 ,400
2296 ,390
2297 ,440
2298 ,390
2299 ,455
2300 ,380
2301 ,380
2302 ,455
2303 ,-135
2304 ,430
2305 ,425
2306 ,405
2307 ,375
2308 ,395
2309 ,425
2310 ,405
2311 ,420
2312 ,425
2313 ,-135
2314 ,430
2315 ,410
2316 ,400
2317 ,400
2318 ,370
2319 ,405
2320 ,425
2321 ,460
2322 ,450
2323 ,445
2324 ,390
2325 ,-135
2326 ,395
2327 ,420
2328 ,390
2329 ,380
2330 ,-135
2331 ,440
2332 ,410
2333 ,410
2334 ,420
2335 ,400
2336 ,465
2337 ,420
2338 ,365
2339 ,380
2340 ,420
2341 ,425
2342 ,430
2343 ,395
2344 ,430
2345 ,465
2346 ,435
2347 ,400
2348 ,425
2349 ,410
2350 ,400
2351 ,405
2352 ,430
2353 ,400
2354 ,420
2355 ,435
2356 ,430
2357 ,-135
2358 ,455
2359 ,435
2360 ,395
2361 ,410
2362 ,405
2363 ,405
2364 ,410
2365 ,370
2366 ,390
2367 ,420
2368 ,380
2369 ,420
2370 ,445
2371 ,460
2372 ,410
2373 ,365
2374 ,430
2375 ,470
2376 ,440
2377 ,380
2378 ,440
2379 ,460
2380 ,400
2381 ,455
2382 ,450
2383 ,445
2384 ,440
2385 ,420
2386 ,410
2387 ,410
2388 ,440
2389 ,435
2390 ,455
2391 ,430
2392 ,380
2393 ,370
2394 ,420
2395 ,425
2396 ,440
2397 ,435
2398 ,420
2399 ,-135
2400 ,450
2401 ,-135
2402 ,460
2403 ,440
2404 ,390
2405 ,420
2406 ,420
2407 ,465
2408 ,390
2409 ,440
2410 ,430
2411 ,465
2412 ,390
2413 ,415
2414 ,415
2415 ,-135
2416 ,380
2417 ,445
2418 ,425
2419 ,415
2420 ,450
2421 ,400
2422 ,430
2423 ,450
2424 ,375
2425 ,-135
2426 ,380
2427 ,415
2428 ,385
2429 ,445
2430 ,435
2431 ,450
2432 ,435
2433 ,390
2434 ,-135
2435 ,405
2436 ,430
2437 ,-135
2438 ,440
2439 ,430
2440 ,-135
2441 ,410
2442 ,460
2443 ,400
2444 ,395
2445 ,440
2446 ,455
2447 ,400
2448 ,425
2449 ,390
2450 ,465
2451 ,400
2452 ,420
2453 ,400
2454 ,395
2455 ,425
2456 ,450
2457 ,430
2458 ,450
2459 ,445
2460 ,460
2461 ,445
2462 ,425
2463 ,460
2464 ,370
2465 ,395
2466 ,425
2467 ,395
2468 ,405
2469 ,420
2470 ,415
2471 ,385
2472 ,460
2473 ,390
2474 ,380
2475 ,415
2476 ,395
2477 ,-135
2478 ,390
2479 ,410
2480 ,405
2481 ,455
2482 ,385
2483 ,430
2484 ,425
2485 ,435
2486 ,425
2487 ,420
2488 ,430
2489 ,375
2490 ,435
2491 ,450
2492 ,-135
2493 ,400
2494 ,-135
2495 ,445
2496 ,-135
2497 ,415
2498 ,415
2499 ,450
2500 ,-135
2501 ,435
2502 ,425
2503 ,445
2504 ,435
2505 ,420
2506 ,460
2507 ,425
2508 ,-135
2509 ,445
2510 ,455
2511 ,425
2512 ,445
2513 ,430
2514 ,425
2515 ,460
2516 ,415
2517 ,440
2518 ,375
2519 ,450
2520 ,415
2521 ,420
2522 ,445
2523 ,400
2524 ,-135
2525 ,420
2526 ,445
2527 ,460
2528 ,-135
2529 ,390
2530 ,445
2531 ,430
2532 ,415
2533 ,420
2534 ,445
2535 ,-135
2536 ,-135
2537 ,400
2538 ,440
2539 ,435
2540 ,450
2541 ,430
2542 ,-135
2543 ,420
2544 ,470
2545 ,365
2546 ,415
2547 ,-135
2548 ,410
2549 ,-135
2550 ,395
2551 ,445
2552 ,445
2553 ,440
2554 ,405
2555 ,460
2556 ,-135
2557 ,450
2558 ,400
2559 ,445
2560 ,410
2561 ,425
2562 ,425
2563 ,380
2564 ,450
2565 ,450
2566 ,440
2567 ,410
2568 ,420
2569 ,-135
2570 ,400
2571 ,450
2572 ,385
2573 ,430
2574 ,415
2575 ,365
2576 ,445
2577 ,400
2578 ,415
2579 ,425
2580 ,460
2581 ,450
2582 ,370
2583 ,395
2584 ,385
2585 ,425
2586 ,470
2587 ,430
2588 ,440
2589 ,415
2590 ,420
2591 ,410
2592 ,390
2593 ,-135
2594 ,430
2595 ,405
2596 ,420
2597 ,-135
2598 ,380
2599 ,-135
2600 ,405
2601 ,435
2602 ,445
2603 ,440
2604 ,405
2605 ,415
2606 ,430
2607 ,435
2608 ,395
2609 ,415
2610 ,445
2611 ,450
2612 ,435
2613 ,445
2614 ,-135
2615 ,-135
2616 ,415
2617 ,440
2618 ,390
2619 ,450
2620 ,450
2621 ,430
2622 ,440
2623 ,430
2624 ,440
2625 ,445
2626 ,400
2627 ,375
2628 ,370
2629 ,450
2630 ,430
2631 ,420
2632 ,445
2633 ,460
2634 ,440
2635 ,445
2636 ,460
2637 ,410
2638 ,-135
2639 ,435
2640 ,445
2641 ,430
2642 ,-135
2643 ,425
2644 ,455
2645 ,-135
2646 ,395
2647 ,-135
2648 ,430
2649 ,410
2650 ,445
2651 ,450
2652 ,425
2653 ,415
2654 ,420
2655 ,425
2656 ,370
2657 ,380
2658 ,-135
2659 ,425
2660 ,435
2661 ,400
2662 ,435
2663 ,430
2664 ,450
2665 ,415
2666 ,430
2667 ,440
2668 ,435
2669 ,-135
2670 ,440
2671 ,-135
2672 ,415
2673 ,420
2674 ,435
2675 ,400
2676 ,440
2677 ,385
2678 ,470
2679 ,460
2680 ,375
2681 ,390
2682 ,425
2683 ,415
2684 ,385
2685 ,450
2686 ,415
2687 ,365
2688 ,445
2689 ,395
2690 ,425
2691 ,450
2692 ,400
2693 ,430
2694 ,415
2695 ,420
2696 ,380
2697 ,460
2698 ,435
2699 ,370
2700 ,430
2701 ,465
2702 ,435
2703 ,425
2704 ,-135
2705 ,410
2706 ,375
2707 ,430
2708 ,390
2709 ,440
2710 ,-135
2711 ,455
2712 ,435
2713 ,415
2714 ,435
2715 ,415
2716 ,455
2717 ,470
2718 ,385
2719 ,370
2720 ,420
2721 ,430
2722 ,380
2723 ,405
2724 ,435
2725 ,385
2726 ,425
2727 ,425
2728 ,455
2729 ,375
2730 ,380
2731 ,410
2732 ,445
2733 ,470
2734 ,430
2735 ,430
2736 ,435
2737 ,430
2738 ,460
2739 ,375
2740 ,385
2741 ,375
2742 ,375
2743 ,420
2744 ,430
2745 ,445
2746 ,460
2747 ,415
2748 ,435
2749 ,435
2750 ,-135
2751 ,470
2752 ,375
2753 ,415
2754 ,420
2755 ,395
2756 ,435
2757 ,390
2758 ,365
2759 ,445
2760 ,400
2761 ,400
2762 ,435
2763 ,-135
2764 ,440
2765 ,425
2766 ,440
2767 ,-135
2768 ,-135
2769 ,425
2770 ,405
2771 ,410
2772 ,465
2773 ,415
2774 ,435
2775 ,425
2776 ,450
2777 ,425
2778 ,445
2779 ,400
2780 ,-135
2781 ,430
2782 ,-135
2783 ,380
2784 ,420
2785 ,465
2786 ,450
2787 ,430
2788 ,415
2789 ,420
2790 ,400
2791 ,425
2792 ,415
2793 ,-135
2794 ,-135
2795 ,440
2796 ,420
2797 ,415
2798 ,455
2799 ,420
2800 ,420
2801 ,390
2802 ,375
2803 ,445
2804 ,460
2805 ,455
2806 ,465
2807 ,400
2808 ,455
2809 ,365
2810 ,420
2811 ,455
2812 ,430
2813 ,430
2814 ,470
2815 ,-135
2816 ,455
2817 ,415
2818 ,455
2819 ,405
2820 ,375
2821 ,385
2822 ,420
2823 ,400
2824 ,-135
2825 ,-135
2826 ,460
2827 ,425
2828 ,430
2829 ,410
2830 ,440
2831 ,420
2832 ,415
2833 ,435
2834 ,430
2835 ,440
2836 ,425
2837 ,-135
2838 ,415
2839 ,415
2840 ,-135
2841 ,425
2842 ,425
2843 ,400
2844 ,400
2845 ,380
2846 ,395
2847 ,440
2848 ,390
2849 ,425
2850 ,-135
2851 ,410
2852 ,460
2853 ,425
2854 ,370
2855 ,380
2856 ,425
2857 ,400
2858 ,395
2859 ,430
2860 ,445
2861 ,430
2862 ,455
2863 ,435
2864 ,445
2865 ,450
2866 ,385
2867 ,455
2868 ,-135
2869 ,400
2870 ,460
2871 ,380
2872 ,410
2873 ,440
2874 ,460
2875 ,430
2876 ,430
2877 ,-135
2878 ,390
2879 ,440
2880 ,455
2881 ,420
2882 ,450
2883 ,435
2884 ,415
2885 ,380
2886 ,365
2887 ,440
2888 ,395
2889 ,400
2890 ,370
2891 ,390
2892 ,455
2893 ,385
2894 ,385
2895 ,-135
2896 ,385
2897 ,380
2898 ,440
2899 ,445
2900 ,370
2901 ,420
2902 ,405
2903 ,400
2904 ,405
2905 ,400
2906 ,380
2907 ,445
2908 ,445
2909 ,435
2910 ,430
2911 ,420
2912 ,405
2913 ,440
2914 ,435
2915 ,440
2916 ,455
2917 ,380
2918 ,-135
2919 ,400
2920 ,375
2921 ,365
2922 ,395
2923 ,-135
2924 ,425
2925 ,445
2926 ,435
2927 ,455
2928 ,-135
2929 ,430
2930 ,445
2931 ,-135
2932 ,-135
2933 ,380
2934 ,450
2935 ,-135
2936 ,460
2937 ,365
2938 ,440
2939 ,-135
2940 ,445
2941 ,380
2942 ,430
2943 ,420
2944 ,450
2945 ,-135
2946 ,445
2947 ,440
2948 ,400
2949 ,-135
2950 ,420
2951 ,415
2952 ,430
2953 ,370
2954 ,405
2955 ,430
2956 ,365
2957 ,410
2958 ,410
2959 ,405
2960 ,420
2961 ,455
2962 ,410
2963 ,455
2964 ,450
2965 ,400
2966 ,455
2967 ,440
2968 ,-135
2969 ,435
2970 ,460
2971 ,390
2972 ,400
2973 ,410
2974 ,400
2975 ,445
2976 ,395
2977 ,440
2978 ,410
2979 ,435
2980 ,440
2981 ,395
2982 ,425
2983 ,405
2984 ,-135
2985 ,410
2986 ,425
2987 ,445
2988 ,450
2989 ,385
2990 ,465
2991 ,430
2992 ,450
2993 ,390
2994 ,445
2995 ,455
2996 ,-135
2997 ,460
2998 ,415
2999 ,420
3000 ,415
3001 ,405
3002 ,430
3003 ,450
3004 ,435
3005 ,440
3006 ,435
3007 ,405
3008 ,440
3009 ,460
3010 ,390
3011 ,420
3012 ,400
3013 ,370
3014 ,430
3015 ,455
3016 ,425
3017 ,435
3018 ,445
3019 ,-135
3020 ,450
3021 ,-135
3022 ,-135
3023 ,420
3024 ,425
3025 ,380
3026 ,395
3027 ,465
3028 ,440
3029 ,440
3030 ,410
3031 ,450
3032 ,405
3033 ,465
3034 ,450
3035 ,-135
3036 ,440
3037 ,440
3038 ,445
3039 ,420
3040 ,435
3041 ,390
3042 ,450
3043 ,420
3044 ,430
3045 ,400
3046 ,425
3047 ,415
3048 ,385
3049 ,445
3050 ,445
3051 ,375
3052 ,450
3053 ,440
3054 ,425
3055 ,385
3056 ,-135
3057 ,435
3058 ,440
3059 ,395
3060 ,-135
3061 ,435
3062 ,420
3063 ,455
3064 ,440
3065 ,455
3066 ,400
3067 ,365
3068 ,395
3069 ,440
3070 ,375
3071 ,395
3072 ,370
3073 ,365
3074 ,435
3075 ,410
3076 ,420
3077 ,440
3078 ,420
3079 ,380
3080 ,430
3081 ,410
3082 ,445
3083 ,440
3084 ,410
3085 ,450
3086 ,450
3087 ,440
3088 ,450
3089 ,440
3090 ,-135
3091 ,410
3092 ,435
3093 ,425
3094 ,440
3095 ,395
3096 ,375
3097 ,425
3098 ,445
3099 ,415
3100 ,440
3101 ,405
3102 ,-135
3103 ,430
3104 ,-135
3105 ,395
3106 ,410
3107 ,425
3108 ,410
3109 ,390
3110 ,425
3111 ,420
3112 ,370
3113 ,415
3114 ,380
3115 ,425
3116 ,455
3117 ,420
3118 ,-135
3119 ,435
3120 ,400
3121 ,375
3122 ,445
3123 ,440
3124 ,430
3125 ,-135
3126 ,370
3127 ,450
3128 ,385
3129 ,395
3130 ,-135
3131 ,-135
3132 ,425
3133 ,395
3134 ,435
3135 ,460
3136 ,410
3137 ,440
3138 ,455
3139 ,425
3140 ,435
3141 ,445
3142 ,460
3143 ,375
3144 ,420
3145 ,-135
3146 ,400
3147 ,435
3148 ,-135
3149 ,405
3150 ,-135
3151 ,-135
3152 ,420
3153 ,430
3154 ,400
3155 ,440
3156 ,380
3157 ,450
3158 ,365
3159 ,435
3160 ,415
3161 ,465
3162 ,455
3163 ,-135
3164 ,425
3165 ,415
3166 ,450
3167 ,435
3168 ,410
3169 ,435
3170 ,420
3171 ,390
3172 ,440
3173 ,370
3174 ,370
3175 ,425
3176 ,415
3177 ,405
3178 ,410
3179 ,365
3180 ,395
3181 ,440
3182 ,455
3183 ,445
3184 ,455
3185 ,395
3186 ,415
3187 ,435
3188 ,435
3189 ,445
3190 ,425
3191 ,455
3192 ,455
3193 ,-135
3194 ,385
3195 ,405
3196 ,405
3197 ,410
3198 ,405
3199 ,420
3200 ,430
3201 ,-135
3202 ,460
3203 ,430
3204 ,-135
3205 ,450
3206 ,390
3207 ,-135
3208 ,430
3209 ,405
3210 ,460
3211 ,430
3212 ,445
3213 ,435
3214 ,445
3215 ,450
3216 ,-135
3217 ,450
3218 ,405
3219 ,380
3220 ,435
3221 ,465
3222 ,445
3223 ,425
3224 ,445
3225 ,465
3226 ,390
3227 ,430
3228 ,395
3229 ,415
3230 ,430
3231 ,450
3232 ,400
3233 ,425
3234 ,-135
3235 ,-135
3236 ,445
3237 ,435
3238 ,415
3239 ,405
3240 ,430
3241 ,380
3242 ,435
3243 ,405
3244 ,415
3245 ,445
3246 ,-135
3247 ,385
3248 ,425
3249 ,-135
3250 ,425
3251 ,425
3252 ,385
3253 ,445
3254 ,410
3255 ,-135
3256 ,400
3257 ,425
3258 ,400
3259 ,-135
3260 ,405
3261 ,440
3262 ,405
3263 ,410
3264 ,445
3265 ,460
3266 ,405
3267 ,-135
3268 ,430
3269 ,-135
3270 ,440
3271 ,430
3272 ,450
3273 ,410
3274 ,400
3275 ,-135
3276 ,-135
3277 ,445
3278 ,420
3279 ,450
3280 ,-135
3281 ,375
3282 ,365
3283 ,405
3284 ,445
3285 ,430
3286 ,370
3287 ,435
3288 ,365
3289 ,415
3290 ,460
3291 ,410
3292 ,-135
3293 ,435
3294 ,465
3295 ,415
3296 ,450
3297 ,-135
3298 ,430
3299 ,460
3300 ,435
3301 ,445
3302 ,460
3303 ,385
3304 ,390
3305 ,450
3306 ,400
3307 ,390
3308 ,-135
3309 ,465
3310 ,460
3311 ,435
3312 ,420
3313 ,425
3314 ,395
3315 ,-135
3316 ,460
3317 ,410
3318 ,455
3319 ,440
3320 ,420
3321 ,425
3322 ,375
3323 ,390
3324 ,435
3325 ,440
3326 ,400
3327 ,-135
3328 ,375
3329 ,445
3330 ,460
3331 ,440
3332 ,395
3333 ,460
3334 ,385
3335 ,465
3336 ,420
3337 ,420
3338 ,445
3339 ,425
3340 ,425
3341 ,455
3342 ,415
3343 ,440
3344 ,400
3345 ,405
3346 ,375
3347 ,400
3348 ,365
3349 ,410
3350 ,375
3351 ,400
3352 ,365
3353 ,-135
3354 ,460
3355 ,425
3356 ,400
3357 ,445
3358 ,435
3359 ,435
3360 ,395
3361 ,390
3362 ,445
3363 ,440
3364 ,-135
3365 ,420
3366 ,420
3367 ,-135
3368 ,470
3369 ,390
3370 ,450
3371 ,-135
3372 ,450
3373 ,395
3374 ,385
3375 ,460
3376 ,415
3377 ,455
3378 ,440
3379 ,430
3380 ,440
3381 ,445
3382 ,-135
3383 ,-135
3384 ,-135
3385 ,400
3386 ,430
3387 ,430
3388 ,460
3389 ,435
3390 ,455
3391 ,-135
3392 ,425
3393 ,455
3394 ,450
3395 ,440
3396 ,425
3397 ,420
3398 ,410
3399 ,395
3400 ,400
3401 ,460
3402 ,-135
3403 ,445
3404 ,395
3405 ,460
3406 ,440
3407 ,425
3408 ,415
3409 ,405
3410 ,-135
3411 ,395
3412 ,430
3413 ,425
3414 ,410
3415 ,400
3416 ,415
3417 ,455
3418 ,405
3419 ,425
3420 ,425
3421 ,450
3422 ,455
3423 ,405
3424 ,410
3425 ,400
3426 ,-135
3427 ,455
3428 ,465
3429 ,390
3430 ,-135
3431 ,415
3432 ,380
3433 ,-135
3434 ,420
3435 ,385
3436 ,460
3437 ,445
3438 ,405
3439 ,405
3440 ,415
3441 ,410
3442 ,425
3443 ,425
3444 ,415
3445 ,365
3446 ,375
3447 ,405
3448 ,395
3449 ,370
3450 ,400
3451 ,450
3452 ,410
3453 ,375
3454 ,410
3455 ,390
3456 ,440
3457 ,405
3458 ,385
3459 ,425
3460 ,370
3461 ,385
3462 ,450
3463 ,-135
3464 ,450
3465 ,430
3466 ,440
3467 ,465
3468 ,405
3469 ,-135
3470 ,-135
3471 ,450
3472 ,395
3473 ,395
3474 ,405
3475 ,440
3476 ,425
3477 ,430
3478 ,410
3479 ,410
3480 ,415
3481 ,430
3482 ,455
3483 ,450
3484 ,-135
3485 ,455
3486 ,380
3487 ,440
3488 ,-135
3489 ,-135
3490 ,430
3491 ,435
3492 ,430
3493 ,430
3494 ,450
3495 ,430
3496 ,440
3497 ,375
3498 ,395
3499 ,440
3500 ,415
3501 ,-135
3502 ,430
3503 ,435
3504 ,445
3505 ,385
3506 ,420
3507 ,455
3508 ,460
3509 ,455
3510 ,445
3511 ,455
3512 ,460
3513 ,445
3514 ,405
3515 ,430
3516 ,385
3517 ,375
3518 ,465
3519 ,420
3520 ,420
3521 ,435
3522 ,465
3523 ,440
3524 ,-135
3525 ,420
3526 ,470
3527 ,-135
3528 ,430
3529 ,405
3530 ,440
3531 ,425
3532 ,-135
3533 ,395
3534 ,410
3535 ,410
3536 ,370
3537 ,440
3538 ,380
3539 ,450
3540 ,395
3541 ,-135
3542 ,385
3543 ,425
3544 ,425
3545 ,365
3546 ,415
3547 ,430
3548 ,440
3549 ,410
3550 ,430
3551 ,420
3552 ,450
3553 ,435
3554 ,380
3555 ,445
3556 ,375
3557 ,-135
3558 ,420
3559 ,450
3560 ,-135
3561 ,405
3562 ,390
3563 ,380
3564 ,405
3565 ,400
3566 ,-135
3567 ,400
3568 ,455
3569 ,375
3570 ,450
3571 ,375
3572 ,380
3573 ,425
3574 ,450
3575 ,420
3576 ,460
3577 ,435
3578 ,385
3579 ,-135
3580 ,445
3581 ,375
3582 ,415
3583 ,365
3584 ,390
3585 ,410
3586 ,430
3587 ,440
3588 ,390
3589 ,430
3590 ,435
3591 ,420
3592 ,465
3593 ,425
3594 ,440
3595 ,460
3596 ,420
3597 ,435
3598 ,465
3599 ,440
3600 ,410
3601 ,455
3602 ,420
3603 ,390
3604 ,435
3605 ,445
3606 ,420
3607 ,400
3608 ,440
3609 ,405
3610 ,420
3611 ,435
3612 ,415
3613 ,440
3614 ,430
3615 ,-135
3616 ,385
3617 ,455
3618 ,400
3619 ,465
3620 ,445
3621 ,435
3622 ,410
3623 ,450
3624 ,-135
3625 ,445
3626 ,445
3627 ,435
3628 ,450
3629 ,-135
3630 ,450
3631 ,-135
3632 ,435
3633 ,385
3634 ,420
3635 ,425
3636 ,400
3637 ,390
3638 ,400
3639 ,400
3640 ,-135
3641 ,460
3642 ,405
3643 ,370
3644 ,430
3645 ,445
3646 ,385
3647 ,425
3648 ,435
3649 ,390
3650 ,455
3651 ,410
3652 ,-135
3653 ,440
3654 ,450
3655 ,415
3656 ,425
3657 ,455
3658 ,-135
3659 ,365
3660 ,435
3661 ,440
3662 ,420
3663 ,430
3664 ,440
3665 ,370
3666 ,365
3667 ,450
3668 ,450
3669 ,445
3670 ,385
3671 ,435
3672 ,-135
3673 ,430
3674 ,410
3675 ,460
3676 ,415
3677 ,425
3678 ,395
3679 ,375
3680 ,445
3681 ,470
3682 ,385
3683 ,460
3684 ,420
3685 ,395
3686 ,445
3687 ,435
3688 ,440
3689 ,-135
3690 ,455
3691 ,445
3692 ,440
3693 ,420
3694 ,405
3695 ,460
3696 ,415
3697 ,470
3698 ,405
3699 ,370
3700 ,455
3701 ,380
3702 ,430
3703 ,400
3704 ,410
3705 ,365
3706 ,435
3707 ,380
3708 ,-135
3709 ,390
3710 ,-135
3711 ,465
3712 ,410
3713 ,460
3714 ,455
3715 ,405
3716 ,375
3717 ,465
3718 ,465
3719 ,415
3720 ,425
3721 ,430
3722 ,415
3723 ,400
3724 ,410
3725 ,395
3726 ,415
3727 ,405
3728 ,-135
3729 ,415
3730 ,470
3731 ,440
3732 ,375
3733 ,385
3734 ,-135
3735 ,375
3736 ,420
3737 ,405
3738 ,430
3739 ,445
3740 ,435
3741 ,425
3742 ,380
3743 ,435
3744 ,425
3745 ,435
3746 ,395
3747 ,430
3748 ,375
3749 ,-135
3750 ,450
3751 ,375
3752 ,435
3753 ,450
3754 ,410
3755 ,465
3756 ,435
3757 ,380
3758 ,425
3759 ,460
3760 ,365
3761 ,-135
3762 ,370
3763 ,445
3764 ,415
3765 ,405
3766 ,445
3767 ,410
3768 ,440
3769 ,425
3770 ,430
3771 ,450
3772 ,425
3773 ,390
3774 ,-135
3775 ,425
3776 ,415
3777 ,420
3778 ,435
3779 ,450
3780 ,440
3781 ,365
3782 ,410
3783 ,380
3784 ,450
3785 ,430
3786 ,410
3787 ,370
3788 ,460
3789 ,420
3790 ,435
3791 ,410
3792 ,430
3793 ,435
3794 ,410
3795 ,415
3796 ,460
3797 ,-135
3798 ,430
3799 ,-135
3800 ,445
3801 ,445
3802 ,455
3803 ,445
3804 ,-135
3805 ,445
3806 ,410
3807 ,445
3808 ,385
3809 ,390
3810 ,430
3811 ,465
3812 ,455
3813 ,415
3814 ,390
3815 ,400
3816 ,445
3817 ,425
3818 ,420
3819 ,435
3820 ,415
3821 ,-135
3822 ,450
3823 ,440
3824 ,-135
3825 ,415
3826 ,370
3827 ,425
3828 ,455
3829 ,455
3830 ,395
3831 ,390
3832 ,450
3833 ,420
3834 ,385
3835 ,435
3836 ,440
3837 ,375
3838 ,445
3839 ,-135
3840 ,455
3841 ,465
3842 ,415
3843 ,420
3844 ,-135
3845 ,375
3846 ,395
3847 ,445
3848 ,420
3849 ,435
3850 ,400
3851 ,385
3852 ,430
3853 ,425
3854 ,400
3855 ,470
3856 ,385
3857 ,430
3858 ,-135
3859 ,430
3860 ,435
3861 ,415
3862 ,370
3863 ,425
3864 ,-135
3865 ,460
3866 ,380
3867 ,420
3868 ,420
3869 ,445
3870 ,460
3871 ,425
3872 ,395
3873 ,420
3874 ,410
3875 ,440
3876 ,425
3877 ,435
3878 ,435
3879 ,365
3880 ,470
3881 ,460
3882 ,415
3883 ,430
3884 ,410
3885 ,460
3886 ,380
3887 ,370
3888 ,390
3889 ,445
3890 ,445
3891 ,450
3892 ,435
3893 ,435
3894 ,450
3895 ,440
3896 ,385
3897 ,455
3898 ,420
3899 ,390
3900 ,420
3901 ,-135
3902 ,395
3903 ,435
3904 ,400
3905 ,415
3906 ,450
3907 ,440
3908 ,400
3909 ,390
3910 ,405
3911 ,400
3912 ,460
3913 ,440
3914 ,400
3915 ,445
3916 ,425
3917 ,375
3918 ,430
3919 ,470
3920 ,-135
3921 ,435
3922 ,390
3923 ,425
3924 ,450
3925 ,-135
3926 ,395
3927 ,425
3928 ,-135
3929 ,410
3930 ,425
3931 ,420
3932 ,415
3933 ,400
3934 ,450
3935 ,430
3936 ,440
3937 ,420
3938 ,435
3939 ,385
3940 ,400
3941 ,440
3942 ,455
3943 ,410
3944 ,435
3945 ,440
3946 ,-135
3947 ,415
3948 ,460
3949 ,460
3950 ,410
3951 ,415
3952 ,465
3953 ,-135
3954 ,435
3955 ,410
3956 ,445
3957 ,375
3958 ,460
3959 ,465
3960 ,375
3961 ,440
3962 ,-135
3963 ,390
3964 ,420
3965 ,470
3966 ,400
3967 ,405
3968 ,395
3969 ,440
3970 ,380
3971 ,-135
3972 ,370
3973 ,465
3974 ,420
3975 ,430
3976 ,455
3977 ,445
3978 ,425
3979 ,-135
3980 ,445
3981 ,405
3982 ,445
3983 ,405
3984 ,380
3985 ,370
3986 ,430
3987 ,390
3988 ,460
3989 ,440
3990 ,385
3991 ,420
3992 ,445
3993 ,455
3994 ,440
3995 ,365
3996 ,395
3997 ,450
3998 ,-135
3999 ,370
4000 ,435
4001 ,445
4002 ,400
4003 ,435
4004 ,375
4005 ,455
4006 ,440
4007 ,420
4008 ,395
4009 ,435
4010 ,450
4011 ,460
4012 ,405
4013 ,460
4014 ,405
4015 ,415
4016 ,-135
4017 ,395
4018 ,375
4019 ,450
4020 ,395
4021 ,415
4022 ,415
4023 ,440
4024 ,405
4025 ,450
4026 ,385
4027 ,460
4028 ,425
4029 ,370
4030 ,-135
4031 ,415
4032 ,445
4033 ,405
4034 ,470
4035 ,430
4036 ,405
4037 ,430
4038 ,430
4039 ,445
4040 ,395
4041 ,440
4042 ,430
4043 ,-135
4044 ,445
4045 ,435
4046 ,435
4047 ,455
4048 ,370
4049 ,415
4050 ,445
4051 ,430
4052 ,385
4053 ,465
4054 ,415
4055 ,455
4056 ,420
4057 ,435
4058 ,420
4059 ,395
4060 ,385
4061 ,415
4062 ,445
4063 ,445
4064 ,400
4065 ,420
4066 ,-135
4067 ,435
4068 ,440
4069 ,455
4070 ,370
4071 ,-135
4072 ,-135
4073 ,435
4074 ,390
4075 ,445
4076 ,455
4077 ,370
4078 ,445
4079 ,375
4080 ,375
4081 ,-135
4082 ,395
4083 ,460
4084 ,435
4085 ,440
4086 ,-135
4087 ,415
4088 ,435
4089 ,425
4090 ,445
4091 ,435
4092 ,-135
4093 ,410
4094 ,460
4095 ,395
4096 ,430
4097 ,455
4098 ,425
4099 ,450
4100 ,445
4101 ,450
4102 ,375
4103 ,-135
4104 ,380
4105 ,370
4106 ,435
4107 ,420
4108 ,385
4109 ,450
4110 ,430
4111 ,-135
4112 ,400
4113 ,365
4114 ,410
4115 ,435
4116 ,420
4117 ,445
4118 ,395
4119 ,375
4120 ,420
4121 ,-135
4122 ,455
4123 ,455
4124 ,445
4125 ,425
4126 ,445
4127 ,380
4128 ,390
4129 ,375
4130 ,460
4131 ,465
4132 ,385
4133 ,415
4134 ,-135
4135 ,380
4136 ,385
4137 ,435
4138 ,380
4139 ,420
4140 ,460
4141 ,455
4142 ,435
4143 ,-135
4144 ,465
4145 ,450
4146 ,435
4147 ,-135
4148 ,405
4149 ,415
4150 ,430
4151 ,395
4152 ,-135
4153 ,405
4154 ,435
4155 ,415
4156 ,-135
4157 ,440
4158 ,410
4159 ,450
4160 ,410
4161 ,440
4162 ,370
4163 ,445
4164 ,-135
4165 ,415
4166 ,-135
4167 ,380
4168 ,405
4169 ,-135
4170 ,380
4171 ,395
4172 ,395
4173 ,375
4174 ,405
4175 ,395
4176 ,385
4177 ,405
4178 ,-135
4179 ,435
4180 ,450
4181 ,-135
4182 ,425
4183 ,435
4184 ,470
4185 ,445
4186 ,460
4187 ,385
4188 ,420
4189 ,425
4190 ,425
4191 ,405
4192 ,445
4193 ,-135
4194 ,435
4195 ,405
4196 ,-135
4197 ,-135
4198 ,-135
4199 ,380
4200 ,430
4201 ,440
4202 ,450
4203 ,435
4204 ,415
4205 ,375
4206 ,385
4207 ,-135
4208 ,410
4209 ,400
4210 ,415
4211 ,370
4212 ,450
4213 ,450
4214 ,380
4215 ,380
4216 ,430
4217 ,455
4218 ,-135
4219 ,390
4220 ,445
4221 ,430
4222 ,365
4223 ,455
4224 ,400
4225 ,460
4226 ,440
4227 ,420
4228 ,455
4229 ,420
4230 ,450
4231 ,430
4232 ,395
4233 ,425
4234 ,390
4235 ,435
4236 ,-135
4237 ,425
4238 ,415
4239 ,445
4240 ,415
4241 ,390
4242 ,365
4243 ,425
4244 ,415
4245 ,-135
4246 ,415
4247 ,465
4248 ,415
4249 ,440
4250 ,460
4251 ,435
4252 ,470
4253 ,440
4254 ,440
4255 ,450
4256 ,435
4257 ,390
4258 ,395
4259 ,390
4260 ,460
4261 ,405
4262 ,-135
4263 ,425
4264 ,465
4265 ,430
4266 ,405
4267 ,-135
4268 ,380
4269 ,-135
4270 ,370
4271 ,-135
4272 ,-135
4273 ,425
4274 ,450
4275 ,430
4276 ,450
4277 ,465
4278 ,410
4279 ,-135
4280 ,365
4281 ,385
4282 ,435
4283 ,390
4284 ,450
4285 ,380
4286 ,415
4287 ,-135
4288 ,425
4289 ,400
4290 ,450
4291 ,410
4292 ,445
4293 ,400
4294 ,435
4295 ,435
4296 ,460
4297 ,385
4298 ,455
4299 ,455
4300 ,-135
4301 ,420
4302 ,455
4303 ,470
4304 ,410
4305 ,425
4306 ,-135
4307 ,410
4308 ,440
4309 ,430
4310 ,470
4311 ,420
4312 ,400
4313 ,420
4314 ,455
4315 ,420
4316 ,415
4317 ,-135
4318 ,450
4319 ,440
4320 ,415
4321 ,405
4322 ,470
4323 ,390
4324 ,385
4325 ,415
4326 ,405
4327 ,385
4328 ,450
4329 ,455
4330 ,440
4331 ,-135
4332 ,440
4333 ,445
4334 ,460
4335 ,445
4336 ,435
4337 ,-135
4338 ,385
4339 ,420
4340 ,400
4341 ,425
4342 ,395
4343 ,445
4344 ,455
4345 ,365
4346 ,435
4347 ,415
4348 ,435
4349 ,405
4350 ,435
4351 ,425
4352 ,440
4353 ,440
4354 ,415
4355 ,395
4356 ,435
4357 ,365
4358 ,410
4359 ,385
4360 ,-135
4361 ,450
4362 ,410
4363 ,435
4364 ,415
4365 ,425
4366 ,445
4367 ,425
4368 ,455
4369 ,420
4370 ,435
4371 ,370
4372 ,465
4373 ,405
4374 ,405
4375 ,425
4376 ,440
4377 ,-135
4378 ,-135
4379 ,415
4380 ,425
4381 ,405
4382 ,380
4383 ,405
4384 ,460
4385 ,445
4386 ,450
4387 ,370
4388 ,-135
4389 ,375
4390 ,-135
4391 ,465
4392 ,430
4393 ,-135
4394 ,395
4395 ,420
4396 ,450
4397 ,455
4398 ,430
4399 ,435
4400 ,435
4401 ,430
4402 ,420
4403 ,380
4404 ,440
4405 ,435
4406 ,390
4407 ,-135
4408 ,450
4409 ,425
4410 ,435
4411 ,405
4412 ,395
4413 ,435
4414 ,430
4415 ,455
4416 ,445
4417 ,-135
4418 ,-135
4419 ,425
4420 ,440
4421 ,390
4422 ,415
4423 ,445
4424 ,-135
4425 ,450
4426 ,435
4427 ,420
4428 ,395
4429 ,450
4430 ,450
4431 ,365
4432 ,400
4433 ,435
4434 ,405
4435 ,450
4436 ,445
4437 ,-135
4438 ,-135
4439 ,365
4440 ,395
4441 ,425
4442 ,430
4443 ,440
4444 ,415
4445 ,420
4446 ,-135
4447 ,400
4448 ,370
4449 ,460
4450 ,405
4451 ,370
4452 ,405
4453 ,-135
4454 ,445
4455 ,430
4456 ,430
4457 ,420
4458 ,400
4459 ,445
4460 ,455
4461 ,375
4462 ,410
4463 ,400
4464 ,395
4465 ,425
4466 ,430
4467 ,400
4468 ,395
4469 ,-135
4470 ,430
4471 ,375
4472 ,430
4473 ,405
4474 ,465
4475 ,455
4476 ,425
4477 ,375
4478 ,420
4479 ,470
4480 ,465
4481 ,430
4482 ,-135
4483 ,-135
4484 ,415
4485 ,460
4486 ,-135
4487 ,425
4488 ,430
4489 ,450
4490 ,445
4491 ,460
4492 ,405
4493 ,405
4494 ,460
4495 ,400
4496 ,455
4497 ,410
4498 ,440
4499 ,410
4500 ,450
4501 ,450
4502 ,455
4503 ,455
4504 ,420
4505 ,380
4506 ,455
4507 ,-135
4508 ,430
4509 ,395
4510 ,420
4511 ,450
4512 ,440
4513 ,440
4514 ,-135
4515 ,365
4516 ,425
4517 ,450
4518 ,430
4519 ,365
4520 ,435
4521 ,390
4522 ,465
4523 ,385
4524 ,460
4525 ,445
4526 ,-135
4527 ,465
4528 ,465
4529 ,425
4530 ,390
4531 ,460
4532 ,405
4533 ,435
4534 ,370
4535 ,435
4536 ,425
4537 ,410
4538 ,420
4539 ,395
4540 ,425
4541 ,430
4542 ,405
4543 ,405
4544 ,420
4545 ,395
4546 ,385
4547 ,390
4548 ,440
4549 ,410
4550 ,405
4551 ,420
4552 ,415
4553 ,415
4554 ,395
4555 ,375
4556 ,465
4557 ,420
4558 ,435
4559 ,375
4560 ,420
4561 ,425
4562 ,380
4563 ,415
4564 ,415
4565 ,420
4566 ,420
4567 ,440
4568 ,-135
4569 ,-135
4570 ,440
4571 ,465
4572 ,465
4573 ,430
4574 ,400
4575 ,395
4576 ,435
4577 ,425
4578 ,435
4579 ,415
4580 ,-135
4581 ,410
4582 ,385
4583 ,450
4584 ,405
4585 ,410
4586 ,395
4587 ,445
4588 ,415
4589 ,450
4590 ,410
4591 ,465
4592 ,380
4593 ,365
4594 ,460
4595 ,410
4596 ,420
4597 ,415
4598 ,455
4599 ,405
4600 ,-135
4601 ,430
4602 ,385
4603 ,370
4604 ,450
4605 ,460
4606 ,455
4607 ,455
4608 ,415
4609 ,390
4610 ,365
4611 ,395
4612 ,420
4613 ,470
4614 ,470
4615 ,440
4616 ,445
4617 ,415
4618 ,460
4619 ,395
4620 ,365
4621 ,450
4622 ,395
4623 ,445
4624 ,435
4625 ,370
4626 ,-135
4627 ,425
4628 ,430
4629 ,455
4630 ,425
4631 ,405
4632 ,440
4633 ,365
4634 ,375
4635 ,380
4636 ,430
4637 ,-135
4638 ,380
4639 ,440
4640 ,465
4641 ,450
4642 ,435
4643 ,415
4644 ,-135
4645 ,380
4646 ,470
4647 ,460
4648 ,435
4649 ,440
4650 ,380
4651 ,455
4652 ,-135
4653 ,455
4654 ,435
4655 ,405
4656 ,390
4657 ,465
4658 ,-135
4659 ,445
4660 ,450
4661 ,410
4662 ,365
4663 ,450
4664 ,430
4665 ,400
4666 ,415
4667 ,375
4668 ,445
4669 ,450
4670 ,450
4671 ,440
4672 ,445
4673 ,435
4674 ,375
4675 ,425
4676 ,390
4677 ,-135
4678 ,400
4679 ,465
4680 ,410
4681 ,445
4682 ,440
4683 ,435
4684 ,375
4685 ,470
4686 ,-135
4687 ,445
4688 ,435
4689 ,435
4690 ,440
4691 ,465
4692 ,415
4693 ,405
4694 ,-135
4695 ,440
4696 ,405
4697 ,430
4698 ,415
4699 ,395
4700 ,430
4701 ,390
4702 ,-135
4703 ,445
4704 ,375
4705 ,380
4706 ,390
4707 ,430
4708 ,460
4709 ,420
4710 ,455
4711 ,445
4712 ,375
4713 ,425
4714 ,375
4715 ,-135
4716 ,440
4717 ,435
4718 ,425
4719 ,385
4720 ,380
4721 ,455
4722 ,440
4723 ,365
4724 ,370
4725 ,415
4726 ,435
4727 ,445
4728 ,375
4729 ,-135
4730 ,-135
4731 ,425
4732 ,410
4733 ,430
4734 ,420
4735 ,410
4736 ,450
4737 ,450
4738 ,370
4739 ,435
4740 ,-135
4741 ,420
4742 ,-135
4743 ,450
4744 ,415
4745 ,-135
4746 ,450
4747 ,435
4748 ,445
4749 ,415
4750 ,465
4751 ,445
4752 ,410
4753 ,435
4754 ,460
4755 ,390
4756 ,435
4757 ,395
4758 ,365
4759 ,470
4760 ,405
4761 ,425
4762 ,430
4763 ,410
4764 ,425
4765 ,420
4766 ,405
4767 ,445
4768 ,-135
4769 ,390
4770 ,-135
4771 ,445
4772 ,420
4773 ,-135
4774 ,390
4775 ,435
4776 ,-135
4777 ,445
4778 ,445
4779 ,435
4780 ,430
4781 ,395
4782 ,425
4783 ,440
4784 ,440
4785 ,-135
4786 ,405
4787 ,425
4788 ,445
4789 ,445
4790 ,460
4791 ,450
4792 ,450
4793 ,455
4794 ,-135
4795 ,420
4796 ,435
4797 ,420
4798 ,370
4799 ,420
4800 ,380
4801 ,385
4802 ,445
4803 ,420
4804 ,-135
4805 ,415
4806 ,435
4807 ,-135
4808 ,440
4809 ,465
4810 ,445
4811 ,-135
4812 ,395
4813 ,395
4814 ,-135
4815 ,455
4816 ,460
4817 ,455
4818 ,400
4819 ,-135
4820 ,440
4821 ,-135
4822 ,410
4823 ,420
4824 ,390
4825 ,430
4826 ,465
4827 ,450
4828 ,410
4829 ,440
4830 ,410
4831 ,400
4832 ,385
4833 ,-135
4834 ,-135
4835 ,390
4836 ,-135
4837 ,420
4838 ,410
4839 ,440
4840 ,455
4841 ,440
4842 ,465
4843 ,405
4844 ,425
4845 ,430
4846 ,445
4847 ,440
4848 ,405
4849 ,455
4850 ,430
4851 ,430
4852 ,450
4853 ,440
4854 ,390
4855 ,400
4856 ,440
4857 ,450
4858 ,405
4859 ,405
4860 ,440
4861 ,425
4862 ,425
4863 ,440
4864 ,410
4865 ,390
4866 ,-135
4867 ,440
4868 ,415
4869 ,-135
4870 ,450
4871 ,455
4872 ,445
4873 ,445
4874 ,395
4875 ,-135
4876 ,380
4877 ,435
4878 ,-135
4879 ,415
4880 ,410
4881 ,425
4882 ,425
4883 ,385
4884 ,430
4885 ,445
4886 ,-135
4887 ,375
4888 ,420
4889 ,410
4890 ,440
4891 ,460
4892 ,385
4893 ,425
4894 ,420
4895 ,400
4896 ,370
4897 ,435
4898 ,445
4899 ,415
4900 ,435
4901 ,440
4902 ,460
4903 ,420
4904 ,450
4905 ,450
4906 ,445
4907 ,-135
4908 ,470
4909 ,435
4910 ,385
4911 ,435
4912 ,425
4913 ,430
4914 ,425
4915 ,465
4916 ,430
4917 ,450
4918 ,380
4919 ,375
4920 ,430
4921 ,-135
4922 ,395
4923 ,400
4924 ,430
4925 ,-135
4926 ,-135
4927 ,435
4928 ,425
4929 ,375
4930 ,380
4931 ,390
4932 ,440
4933 ,420
4934 ,385
4935 ,390
4936 ,465
4937 ,455
4938 ,415
4939 ,425
4940 ,450
4941 ,440
4942 ,410
4943 ,435
4944 ,405
4945 ,425
4946 ,390
4947 ,420
4948 ,385
4949 ,415
4950 ,400
4951 ,450
4952 ,420
4953 ,415
4954 ,440
4955 ,460
4956 ,430
4957 ,420
4958 ,-135
4959 ,440
4960 ,385
4961 ,430
4962 ,425
4963 ,385
4964 ,385
4965 ,375
4966 ,445
4967 ,390
4968 ,450
4969 ,420
4970 ,425
4971 ,385
4972 ,420
4973 ,450
4974 ,420
4975 ,425
4976 ,430
4977 ,425
4978 ,460
4979 ,400
4980 ,445
4981 ,380
4982 ,410
4983 ,460
4984 ,385
4985 ,405
4986 ,385
4987 ,-135
4988 ,400
4989 ,-135
4990 ,-135
4991 ,390
4992 ,-135
4993 ,440
4994 ,400
4995 ,435
4996 ,450
4997 ,450
4998 ,450
4999 ,385
5000 ,435
5001 ,425
5002 ,445
5003 ,430
5004 ,455
5005 ,380
5006 ,-135
5007 ,440
5008 ,420
5009 ,440
5010 ,430
5011 ,425
5012 ,390
5013 ,430
5014 ,415
5015 ,380
5016 ,425
5017 ,410
5018 ,415
5019 ,430
5020 ,-135
5021 ,455
5022 ,430
5023 ,465
5024 ,375
5025 ,470
5026 ,-135
5027 ,390
5028 ,435
5029 ,-135
5030 ,410
5031 ,455
5032 ,410
5033 ,380
5034 ,405
5035 ,455
5036 ,410
5037 ,415
5038 ,-135
5039 ,-135
5040 ,415
5041 ,415
5042 ,430
5043 ,415
5044 ,460
5045 ,400
5046 ,415
5047 ,445
5048 ,365
5049 ,410
5050 ,415
5051 ,435
5052 ,445
5053 ,440
5054 ,460
5055 ,470
5056 ,415
5057 ,-135
5058 ,440
5059 ,435
5060 ,400
5061 ,405
5062 ,435
5063 ,405
5064 ,390
5065 ,410
5066 ,420
5067 ,415
5068 ,425
5069 ,395
5070 ,455
5071 ,440
5072 ,455
5073 ,400
5074 ,425
5075 ,450
5076 ,420
5077 ,-135
5078 ,-135
5079 ,-135
5080 ,-135
5081 ,460
5082 ,425
5083 ,455
5084 ,425
5085 ,390
5086 ,420
5087 ,430
5088 ,445
5089 ,440
5090 ,395
5091 ,440
5092 ,445
5093 ,425
5094 ,465
5095 ,440
5096 ,385
5097 ,425
5098 ,385
5099 ,385
5100 ,395
5101 ,-135
5102 ,400
5103 ,-135
5104 ,440
5105 ,390
5106 ,420
5107 ,400
5108 ,420
5109 ,-135
5110 ,435
5111 ,-135
5112 ,420
5113 ,-135
5114 ,440
5115 ,410
5116 ,415
5117 ,370
5118 ,450
5119 ,435
5120 ,445
5121 ,410
5122 ,405
5123 ,-135
5124 ,-135
5125 ,430
5126 ,445
5127 ,445
5128 ,405
5129 ,460
5130 ,-135
5131 ,470
5132 ,425
5133 ,445
5134 ,440
5135 ,425
5136 ,405
5137 ,410
5138 ,415
5139 ,415
5140 ,-135
5141 ,435
5142 ,395
5143 ,395
5144 ,455
5145 ,405
5146 ,405
5147 ,460
5148 ,390
5149 ,385
5150 ,435
5151 ,385
5152 ,380
5153 ,460
5154 ,435
5155 ,420
5156 ,460
5157 ,385
5158 ,415
5159 ,410
5160 ,-135
5161 ,400
5162 ,390
5163 ,465
5164 ,-135
5165 ,445
5166 ,445
5167 ,410
5168 ,425
5169 ,425
5170 ,420
5171 ,415
5172 ,435
5173 ,400
5174 ,430
5175 ,405
5176 ,465
5177 ,385
5178 ,450
5179 ,410
5180 ,395
5181 ,370
5182 ,395
5183 ,395
5184 ,415
5185 ,-135
5186 ,460
5187 ,405
5188 ,385
5189 ,420
5190 ,425
5191 ,415
5192 ,-135
5193 ,455
5194 ,450
5195 ,440
5196 ,445
5197 ,435
5198 ,-135
5199 ,445
5200 ,450
5201 ,430
5202 ,440
5203 ,420
5204 ,380
5205 ,415
5206 ,440
5207 ,450
5208 ,425
5209 ,365
5210 ,445
5211 ,410
5212 ,-135
5213 ,435
5214 ,-135
5215 ,420
5216 ,410
5217 ,390
5218 ,-135
5219 ,405
5220 ,450
5221 ,400
5222 ,455
5223 ,-135
5224 ,435
5225 ,445
5226 ,465
5227 ,425
5228 ,415
5229 ,445
5230 ,390
5231 ,395
5232 ,470
5233 ,410
5234 ,430
5235 ,405
5236 ,425
5237 ,405
5238 ,370
5239 ,-135
5240 ,-135
5241 ,440
5242 ,440
5243 ,-135
5244 ,435
5245 ,440
5246 ,450
5247 ,450
5248 ,425
5249 ,455
5250 ,-135
5251 ,390
5252 ,450
5253 ,410
5254 ,450
5255 ,410
5256 ,455
5257 ,405
5258 ,415
5259 ,-135
5260 ,425
5261 ,380
5262 ,420
5263 ,375
5264 ,470
5265 ,460
5266 ,435
5267 ,405
5268 ,450
5269 ,470
5270 ,430
5271 ,400
5272 ,390
5273 ,440
5274 ,365
5275 ,425
5276 ,395
5277 ,465
5278 ,430
5279 ,440
5280 ,400
5281 ,455
5282 ,385
5283 ,445
5284 ,410
5285 ,410
5286 ,455
5287 ,400
5288 ,390
5289 ,425
5290 ,445
5291 ,450
5292 ,415
5293 ,435
5294 ,435
5295 ,410
5296 ,430
5297 ,365
5298 ,450
5299 ,445
5300 ,380
5301 ,445
5302 ,410
5303 ,440
5304 ,405
5305 ,455
5306 ,400
5307 ,405
5308 ,430
5309 ,370
5310 ,425
5311 ,395
5312 ,460
5313 ,430
5314 ,400
5315 ,425
5316 ,465
5317 ,420
5318 ,400
5319 ,-135
5320 ,440
5321 ,425
5322 ,460
5323 ,465
5324 ,450
5325 ,455
5326 ,440
5327 ,450
5328 ,370
5329 ,420
5330 ,455
5331 ,455
5332 ,415
5333 ,445
5334 ,-135
5335 ,440
5336 ,410
5337 ,425
5338 ,460
5339 ,450
5340 ,435
5341 ,460
5342 ,445
5343 ,430
5344 ,410
5345 ,380
5346 ,420
5347 ,435
5348 ,465
5349 ,460
5350 ,380
5351 ,465
5352 ,410
5353 ,380
5354 ,430
5355 ,400
5356 ,-135
5357 ,385
5358 ,385
5359 ,435
5360 ,400
5361 ,450
5362 ,440
5363 ,435
5364 ,380
5365 ,400
5366 ,390
5367 ,435
5368 ,465
5369 ,405
5370 ,445
5371 ,-135
5372 ,445
5373 ,440
5374 ,390
5375 ,-135
5376 ,390
5377 ,425
5378 ,-135
5379 ,-135
5380 ,405
5381 ,435
5382 ,380
5383 ,410
5384 ,445
5385 ,405
5386 ,-135
5387 ,445
5388 ,-135
5389 ,410
5390 ,455
5391 ,450
5392 ,425
5393 ,-135
5394 ,405
5395 ,415
5396 ,390
5397 ,385
5398 ,-135
5399 ,420
5400 ,465
5401 ,-135
5402 ,365
5403 ,410
5404 ,385
5405 ,455
5406 ,425
5407 ,440
5408 ,390
5409 ,400
5410 ,455
5411 ,380
5412 ,465
5413 ,425
5414 ,425
5415 ,430
5416 ,425
5417 ,415
5418 ,445
5419 ,460
5420 ,445
5421 ,460
5422 ,425
5423 ,440
5424 ,385
5425 ,450
5426 ,395
5427 ,-135
5428 ,405
5429 ,395
5430 ,450
5431 ,395
5432 ,410
5433 ,450
5434 ,365
5435 ,430
5436 ,380
5437 ,440
5438 ,410
5439 ,445
5440 ,435
5441 ,430
5442 ,400
5443 ,440
5444 ,-135
5445 ,420
5446 ,440
5447 ,380
5448 ,445
5449 ,410
5450 ,405
5451 ,370
5452 ,400
5453 ,405
5454 ,440
5455 ,380
5456 ,410
5457 ,-135
5458 ,440
5459 ,380
5460 ,-135
5461 ,370
5462 ,440
5463 ,435
5464 ,445
5465 ,460
5466 ,450
5467 ,460
5468 ,440
5469 ,410
5470 ,460
5471 ,440
5472 ,415
5473 ,-135
5474 ,-135
5475 ,405
5476 ,435
5477 ,-135
5478 ,385
5479 ,440
5480 ,415
5481 ,410
5482 ,440
5483 ,460
5484 ,375
5485 ,415
5486 ,405
5487 ,415
5488 ,-135
5489 ,440
5490 ,430
5491 ,435
5492 ,400
5493 ,-135
5494 ,450
5495 ,440
5496 ,450
5497 ,440
5498 ,405
5499 ,-135
5500 ,-135
5501 ,410
5502 ,415
5503 ,-135
5504 ,410
5505 ,410
5506 ,425
5507 ,385
5508 ,435
5509 ,445
5510 ,425
5511 ,445
5512 ,455
5513 ,430
5514 ,450
5515 ,460
5516 ,380
5517 ,425
5518 ,-135
5519 ,365
5520 ,430
5521 ,380
5522 ,440
5523 ,460
5524 ,455
5525 ,430
5526 ,400
5527 ,-135
5528 ,435
5529 ,450
5530 ,415
5531 ,400
5532 ,430
5533 ,445
5534 ,-135
5535 ,435
5536 ,380
5537 ,-135
5538 ,455
5539 ,-135
5540 ,390
5541 ,425
5542 ,440
5543 ,-135
5544 ,440
5545 ,435
5546 ,415
5547 ,450
5548 ,-135
5549 ,450
5550 ,415
5551 ,385
5552 ,410
5553 ,410
5554 ,470
5555 ,370
5556 ,420
5557 ,455
5558 ,410
5559 ,440
5560 ,445
5561 ,-135
5562 ,425
5563 ,435
5564 ,435
5565 ,460
5566 ,-135
5567 ,415
5568 ,370
5569 ,365
5570 ,445
5571 ,-135
5572 ,425
5573 ,410
5574 ,460
5575 ,365
5576 ,390
5577 ,450
5578 ,450
5579 ,415
5580 ,410
5581 ,430
5582 ,430
5583 ,430
5584 ,455
5585 ,-135
5586 ,425
5587 ,425
5588 ,470
5589 ,405
5590 ,375
5591 ,460
5592 ,400
5593 ,-135
5594 ,435
5595 ,440
5596 ,410
5597 ,400
5598 ,405
5599 ,410
5600 ,445
5601 ,455
5602 ,-135
5603 ,-135
5604 ,-135
5605 ,405
5606 ,380
5607 ,430
5608 ,425
5609 ,430
5610 ,380
5611 ,445
5612 ,420
5613 ,435
5614 ,-135
5615 ,445
5616 ,400
5617 ,425
5618 ,430
5619 ,425
5620 ,-135
5621 ,455
5622 ,-135
5623 ,425
5624 ,440
5625 ,-135
5626 ,415
5627 ,430
5628 ,460
5629 ,455
5630 ,390
5631 ,400
5632 ,440
5633 ,435
5634 ,455
5635 ,420
5636 ,440
5637 ,425
5638 ,365
5639 ,390
5640 ,395
5641 ,445
5642 ,435
5643 ,415
5644 ,410
5645 ,445
5646 ,420
5647 ,430
5648 ,405
5649 ,425
5650 ,435
5651 ,-135
5652 ,455
5653 ,435
5654 ,420
5655 ,440
5656 ,450
5657 ,470
5658 ,415
5659 ,400
5660 ,395
5661 ,395
5662 ,460
5663 ,385
5664 ,-135
5665 ,420
5666 ,-135
5667 ,445
5668 ,450
5669 ,-135
5670 ,425
5671 ,385
5672 ,420
5673 ,430
5674 ,450
5675 ,425
5676 ,-135
5677 ,450
5678 ,380
5679 ,450
5680 ,445
5681 ,365
5682 ,420
5683 ,460
5684 ,415
5685 ,385
5686 ,470
5687 ,395
5688 ,430
5689 ,420
5690 ,445
5691 ,450
5692 ,380
5693 ,400
5694 ,440
5695 ,425
5696 ,420
5697 ,-135
5698 ,460
5699 ,-135
5700 ,410
5701 ,430
5702 ,460
5703 ,420
5704 ,390
5705 ,370
5706 ,435
5707 ,375
5708 ,410
5709 ,430
5710 ,-135
5711 ,445
5712 ,395
5713 ,435
5714 ,-135
5715 ,375
5716 ,415
5717 ,-135
5718 ,385
5719 ,440
5720 ,370
5721 ,435
5722 ,400
5723 ,410
5724 ,460
5725 ,410
5726 ,-135
5727 ,440
5728 ,415
5729 ,-135
5730 ,-135
5731 ,400
5732 ,385
5733 ,-135
5734 ,415
5735 ,440
5736 ,420
5737 ,435
5738 ,445
5739 ,375
5740 ,435
5741 ,455
5742 ,455
5743 ,385
5744 ,-135
5745 ,430
5746 ,440
5747 ,-135
5748 ,400
5749 ,410
5750 ,465
5751 ,435
5752 ,365
5753 ,365
5754 ,470
5755 ,405
5756 ,445
5757 ,-135
5758 ,455
5759 ,430
5760 ,445
5761 ,-135
5762 ,385
5763 ,425
5764 ,415
5765 ,445
5766 ,430
5767 ,-135
5768 ,415
5769 ,-135
5770 ,440
5771 ,400
5772 ,370
5773 ,440
5774 ,365
5775 ,415
5776 ,450
5777 ,-135
5778 ,385
5779 ,405
5780 ,415
5781 ,465
5782 ,410
5783 ,455
5784 ,440
5785 ,450
5786 ,430
5787 ,425
5788 ,460
5789 ,430
5790 ,455
5791 ,440
5792 ,430
5793 ,445
5794 ,385
5795 ,375
5796 ,435
5797 ,410
5798 ,455
5799 ,425
5800 ,445
5801 ,455
5802 ,445
5803 ,435
5804 ,380
5805 ,420
5806 ,435
5807 ,420
5808 ,370
5809 ,400
5810 ,425
5811 ,-135
5812 ,410
5813 ,460
5814 ,435
5815 ,445
5816 ,465
5817 ,415
5818 ,-135
5819 ,400
5820 ,420
5821 ,425
5822 ,470
5823 ,395
5824 ,-135
5825 ,440
5826 ,440
5827 ,430
5828 ,400
5829 ,390
5830 ,430
5831 ,430
5832 ,380
5833 ,410
5834 ,425
5835 ,450
5836 ,435
5837 ,435
5838 ,460
5839 ,430
5840 ,430
5841 ,455
5842 ,375
5843 ,430
5844 ,380
5845 ,405
5846 ,445
5847 ,460
5848 ,445
5849 ,455
5850 ,-135
5851 ,450
5852 ,455
5853 ,375
5854 ,445
5855 ,-135
5856 ,380
5857 ,415
5858 ,460
5859 ,405
5860 ,410
5861 ,450
5862 ,415
5863 ,420
5864 ,450
5865 ,-135
5866 ,-135
5867 ,-135
5868 ,460
5869 ,415
5870 ,375
5871 ,415
5872 ,425
5873 ,435
5874 ,425
5875 ,430
5876 ,450
5877 ,455
5878 ,460
5879 ,435
5880 ,-135
5881 ,435
5882 ,365
5883 ,415
5884 ,450
5885 ,455
5886 ,460
5887 ,425
5888 ,390
5889 ,390
5890 ,455
5891 ,440
5892 ,440
5893 ,440
5894 ,-135
5895 ,450
5896 ,445
5897 ,460
5898 ,425
5899 ,430
5900 ,435
5901 ,440
5902 ,455
5903 ,445
5904 ,415
5905 ,430
5906 ,455
5907 ,-135
5908 ,370
5909 ,-135
5910 ,-135
5911 ,420
5912 ,425
5913 ,445
5914 ,410
5915 ,435
5916 ,440
5917 ,385
5918 ,395
5919 ,405
5920 ,425
5921 ,430
5922 ,435
5923 ,390
5924 ,380
5925 ,420
5926 ,415
5927 ,420
5928 ,365
5929 ,-135
5930 ,420
5931 ,455
5932 ,380
5933 ,405
5934 ,455
5935 ,390
5936 ,-135
5937 ,435
5938 ,435
5939 ,420
5940 ,425
5941 ,455
5942 ,395
5943 ,420
5944 ,430
5945 ,410
5946 ,380
5947 ,440
5948 ,420
5949 ,395
5950 ,440
5951 ,415
5952 ,450
5953 ,455
5954 ,445
5955 ,445
5956 ,-135
5957 ,-135
5958 ,440
5959 ,-135
5960 ,455
5961 ,-135
5962 ,400
5963 ,455
5964 ,425
5965 ,440
5966 ,410
5967 ,390
5968 ,455
5969 ,440
5970 ,415
5971 ,-135
5972 ,410
5973 ,420
5974 ,440
5975 ,390
5976 ,385
5977 ,400
5978 ,385
5979 ,375
5980 ,380
5981 ,425
5982 ,460
5983 ,425
5984 ,415
5985 ,-135
5986 ,430
5987 ,455
5988 ,455
5989 ,370
5990 ,415
5991 ,450
5992 ,420
5993 ,435
5994 ,425
5995 ,405
5996 ,385
5997 ,375
5998 ,-135
5999 ,410
