CURRENT_EPISODE_NUMBER, TOTAL_REWARD_AT_END_OF_THIS_EPISODE0 ,-135
1 ,390
2 ,-135
3 ,-135
4 ,-135
5 ,-135
6 ,-135
7 ,-135
8 ,420
9 ,-135
10 ,-135
11 ,-135
12 ,400
13 ,380
14 ,415
15 ,-135
16 ,-135
17 ,450
18 ,-135
19 ,-135
20 ,400
21 ,-135
22 ,440
23 ,375
24 ,-135
25 ,400
26 ,-135
27 ,365
28 ,425
29 ,390
30 ,-135
31 ,420
32 ,415
33 ,-135
34 ,460
35 ,-135
36 ,400
37 ,430
38 ,420
39 ,460
40 ,445
41 ,405
42 ,-135
43 ,400
44 ,-135
45 ,400
46 ,425
47 ,-135
48 ,365
49 ,440
50 ,-135
51 ,405
52 ,-135
53 ,450
54 ,455
55 ,-135
56 ,-135
57 ,380
58 ,415
59 ,450
60 ,415
61 ,410
62 ,-135
63 ,410
64 ,400
65 ,375
66 ,425
67 ,430
68 ,440
69 ,430
70 ,405
71 ,460
72 ,420
73 ,405
74 ,445
75 ,450
76 ,410
77 ,-135
78 ,420
79 ,410
80 ,-135
81 ,430
82 ,405
83 ,400
84 ,-135
85 ,460
86 ,425
87 ,-135
88 ,465
89 ,410
90 ,425
91 ,385
92 ,-135
93 ,405
94 ,445
95 ,420
96 ,395
97 ,380
98 ,395
99 ,-135
100 ,-135
101 ,430
102 ,415
103 ,410
104 ,430
105 ,-135
106 ,415
107 ,400
108 ,435
109 ,385
110 ,410
111 ,430
112 ,390
113 ,385
114 ,430
115 ,400
116 ,455
117 ,385
118 ,375
119 ,450
120 ,365
121 ,420
122 ,370
123 ,425
124 ,370
125 ,430
126 ,455
127 ,400
128 ,-135
129 ,450
130 ,-135
131 ,425
132 ,380
133 ,415
134 ,395
135 ,425
136 ,415
137 ,365
138 ,420
139 ,400
140 ,375
141 ,470
142 ,420
143 ,405
144 ,430
145 ,410
146 ,395
147 ,400
148 ,-135
149 ,435
150 ,385
151 ,420
152 ,390
153 ,-135
154 ,415
155 ,370
156 ,380
157 ,440
158 ,405
159 ,410
160 ,380
161 ,435
162 ,395
163 ,-135
164 ,-135
165 ,400
166 ,470
167 ,395
168 ,410
169 ,455
170 ,460
171 ,465
172 ,430
173 ,430
174 ,400
175 ,410
176 ,385
177 ,450
178 ,440
179 ,390
180 ,-135
181 ,450
182 ,450
183 ,455
184 ,380
185 ,425
186 ,455
187 ,405
188 ,435
189 ,380
190 ,425
191 ,395
192 ,-135
193 ,450
194 ,-135
195 ,445
196 ,415
197 ,385
198 ,405
199 ,440
200 ,415
201 ,440
202 ,455
203 ,420
204 ,445
205 ,440
206 ,435
207 ,385
208 ,420
209 ,440
210 ,430
211 ,450
212 ,460
213 ,395
214 ,375
215 ,-135
216 ,-135
217 ,415
218 ,420
219 ,425
220 ,450
221 ,430
222 ,405
223 ,455
224 ,400
225 ,445
226 ,435
227 ,380
228 ,450
229 ,440
230 ,370
231 ,-135
232 ,405
233 ,415
234 ,415
235 ,405
236 ,405
237 ,365
238 ,430
239 ,425
240 ,435
241 ,430
242 ,435
243 ,430
244 ,470
245 ,445
246 ,420
247 ,420
248 ,445
249 ,395
250 ,-135
251 ,435
252 ,450
253 ,385
254 ,370
255 ,405
256 ,450
257 ,385
258 ,-135
259 ,460
260 ,-135
261 ,415
262 ,400
263 ,450
264 ,435
265 ,440
266 ,400
267 ,415
268 ,420
269 ,400
270 ,380
271 ,440
272 ,425
273 ,420
274 ,430
275 ,430
276 ,445
277 ,440
278 ,415
279 ,415
280 ,-135
281 ,445
282 ,420
283 ,430
284 ,365
285 ,370
286 ,430
287 ,405
288 ,-135
289 ,455
290 ,-135
291 ,380
292 ,430
293 ,425
294 ,440
295 ,465
296 ,440
297 ,415
298 ,-135
299 ,460
300 ,-135
301 ,375
302 ,435
303 ,445
304 ,370
305 ,-135
306 ,450
307 ,450
308 ,415
309 ,415
310 ,430
311 ,420
312 ,-135
313 ,450
314 ,470
315 ,-135
316 ,435
317 ,440
318 ,425
319 ,415
320 ,415
321 ,415
322 ,460
323 ,385
324 ,395
325 ,-135
326 ,400
327 ,385
328 ,410
329 ,450
330 ,450
331 ,435
332 ,445
333 ,415
334 ,-135
335 ,-135
336 ,455
337 ,405
338 ,-135
339 ,-135
340 ,400
341 ,425
342 ,430
343 ,425
344 ,380
345 ,-135
346 ,425
347 ,450
348 ,445
349 ,-135
350 ,370
351 ,380
352 ,435
353 ,440
354 ,400
355 ,415
356 ,435
357 ,420
358 ,-135
359 ,375
360 ,380
361 ,450
362 ,450
363 ,400
364 ,400
365 ,465
366 ,385
367 ,435
368 ,-135
369 ,425
370 ,450
371 ,455
372 ,435
373 ,465
374 ,370
375 ,420
376 ,455
377 ,420
378 ,395
379 ,-135
380 ,415
381 ,370
382 ,470
383 ,-135
384 ,450
385 ,385
386 ,390
387 ,445
388 ,460
389 ,450
390 ,425
391 ,445
392 ,425
393 ,460
394 ,460
395 ,-135
396 ,465
397 ,445
398 ,450
399 ,385
400 ,420
401 ,390
402 ,375
403 ,425
404 ,415
405 ,-135
406 ,420
407 ,440
408 ,-135
409 ,-135
410 ,370
411 ,395
412 ,435
413 ,385
414 ,400
415 ,-135
416 ,400
417 ,430
418 ,400
419 ,460
420 ,455
421 ,440
422 ,450
423 ,440
424 ,415
425 ,455
426 ,410
427 ,435
428 ,440
429 ,450
430 ,-135
431 ,435
432 ,445
433 ,435
434 ,375
435 ,435
436 ,435
437 ,410
438 ,445
439 ,390
440 ,400
441 ,375
442 ,455
443 ,415
444 ,400
445 ,400
446 ,405
447 ,420
448 ,395
449 ,-135
450 ,-135
451 ,440
452 ,455
453 ,400
454 ,420
455 ,440
456 ,415
457 ,465
458 ,385
459 ,365
460 ,395
461 ,405
462 ,365
463 ,425
464 ,440
465 ,440
466 ,455
467 ,-135
468 ,420
469 ,420
470 ,430
471 ,405
472 ,450
473 ,425
474 ,-135
475 ,425
476 ,405
477 ,-135
478 ,-135
479 ,405
480 ,445
481 ,400
482 ,415
483 ,455
484 ,-135
485 ,430
486 ,420
487 ,425
488 ,375
489 ,-135
490 ,370
491 ,370
492 ,435
493 ,430
494 ,415
495 ,370
496 ,445
497 ,405
498 ,405
499 ,435
500 ,370
501 ,455
502 ,440
503 ,430
504 ,-135
505 ,425
506 ,405
507 ,450
508 ,420
509 ,-135
510 ,420
511 ,-135
512 ,460
513 ,440
514 ,415
515 ,380
516 ,445
517 ,415
518 ,380
519 ,425
520 ,-135
521 ,415
522 ,385
523 ,405
524 ,430
525 ,425
526 ,385
527 ,400
528 ,440
529 ,385
530 ,435
531 ,405
532 ,445
533 ,415
534 ,420
535 ,400
536 ,460
537 ,420
538 ,420
539 ,380
540 ,465
541 ,405
542 ,465
543 ,410
544 ,440
545 ,430
546 ,420
547 ,415
548 ,445
549 ,465
550 ,410
551 ,440
552 ,435
553 ,455
554 ,470
555 ,435
556 ,-135
557 ,380
558 ,465
559 ,-135
560 ,370
561 ,-135
562 ,400
563 ,405
564 ,420
565 ,440
566 ,465
567 ,460
568 ,420
569 ,410
570 ,-135
571 ,415
572 ,445
573 ,440
574 ,420
575 ,445
576 ,405
577 ,365
578 ,395
579 ,420
580 ,440
581 ,-135
582 ,430
583 ,435
584 ,450
585 ,430
586 ,435
587 ,415
588 ,-135
589 ,420
590 ,420
591 ,410
592 ,445
593 ,405
594 ,385
595 ,460
596 ,420
597 ,-135
598 ,435
599 ,405
600 ,445
601 ,445
602 ,400
603 ,435
604 ,420
605 ,420
606 ,430
607 ,445
608 ,370
609 ,440
610 ,465
611 ,-135
612 ,450
613 ,400
614 ,440
615 ,370
616 ,455
617 ,-135
618 ,455
619 ,450
620 ,425
621 ,445
622 ,435
623 ,410
624 ,440
625 ,-135
626 ,440
627 ,-135
628 ,-135
629 ,440
630 ,440
631 ,445
632 ,465
633 ,385
634 ,420
635 ,410
636 ,365
637 ,400
638 ,365
639 ,385
640 ,435
641 ,370
642 ,365
643 ,435
644 ,400
645 ,375
646 ,415
647 ,420
648 ,435
649 ,365
650 ,410
651 ,430
652 ,440
653 ,380
654 ,410
655 ,415
656 ,410
657 ,415
658 ,-135
659 ,455
660 ,460
661 ,-135
662 ,460
663 ,470
664 ,380
665 ,460
666 ,-135
667 ,470
668 ,460
669 ,460
670 ,375
671 ,-135
672 ,-135
673 ,-135
674 ,375
675 ,405
676 ,435
677 ,365
678 ,465
679 ,425
680 ,410
681 ,405
682 ,365
683 ,400
684 ,-135
685 ,455
686 ,440
687 ,395
688 ,440
689 ,420
690 ,-135
691 ,380
692 ,415
693 ,445
694 ,430
695 ,430
696 ,430
697 ,445
698 ,-135
699 ,390
700 ,445
701 ,395
702 ,440
703 ,-135
704 ,460
705 ,455
706 ,445
707 ,380
708 ,415
709 ,420
710 ,405
711 ,410
712 ,440
713 ,420
714 ,400
715 ,395
716 ,390
717 ,-135
718 ,445
719 ,465
720 ,-135
721 ,445
722 ,380
723 ,425
724 ,440
725 ,430
726 ,430
727 ,380
728 ,435
729 ,-135
730 ,430
731 ,435
732 ,375
733 ,-135
734 ,410
735 ,-135
736 ,405
737 ,-135
738 ,450
739 ,410
740 ,385
741 ,455
742 ,385
743 ,430
744 ,435
745 ,410
746 ,440
747 ,460
748 ,425
749 ,435
750 ,395
751 ,-135
752 ,415
753 ,-135
754 ,445
755 ,465
756 ,435
757 ,420
758 ,415
759 ,-135
760 ,440
761 ,440
762 ,450
763 ,400
764 ,375
765 ,-135
766 ,380
767 ,420
768 ,460
769 ,465
770 ,415
771 ,400
772 ,435
773 ,460
774 ,395
775 ,375
776 ,425
777 ,-135
778 ,450
779 ,435
780 ,445
781 ,450
782 ,400
783 ,445
784 ,425
785 ,380
786 ,440
787 ,375
788 ,415
789 ,390
790 ,375
791 ,415
792 ,410
793 ,375
794 ,435
795 ,460
796 ,415
797 ,440
798 ,405
799 ,390
800 ,460
801 ,460
802 ,400
803 ,425
804 ,420
805 ,435
806 ,465
807 ,440
808 ,420
809 ,390
810 ,-135
811 ,465
812 ,430
813 ,420
814 ,450
815 ,440
816 ,395
817 ,-135
818 ,390
819 ,425
820 ,390
821 ,455
822 ,-135
823 ,455
824 ,445
825 ,450
826 ,-135
827 ,380
828 ,450
829 ,395
830 ,-135
831 ,420
832 ,430
833 ,390
834 ,465
835 ,425
836 ,450
837 ,-135
838 ,465
839 ,445
840 ,465
841 ,440
842 ,450
843 ,460
844 ,385
845 ,405
846 ,375
847 ,430
848 ,450
849 ,450
850 ,420
851 ,410
852 ,430
853 ,435
854 ,440
855 ,405
856 ,370
857 ,405
858 ,455
859 ,430
860 ,440
861 ,380
862 ,395
863 ,380
864 ,-135
865 ,395
866 ,440
867 ,405
868 ,450
869 ,430
870 ,385
871 ,450
872 ,395
873 ,385
874 ,420
875 ,440
876 ,445
877 ,430
878 ,385
879 ,430
880 ,455
881 ,-135
882 ,440
883 ,395
884 ,-135
885 ,440
886 ,405
887 ,375
888 ,365
889 ,395
890 ,410
891 ,440
892 ,365
893 ,390
894 ,445
895 ,445
896 ,410
897 ,465
898 ,440
899 ,390
900 ,395
901 ,435
902 ,425
903 ,450
904 ,420
905 ,-135
906 ,400
907 ,440
908 ,420
909 ,-135
910 ,-135
911 ,400
912 ,-135
913 ,425
914 ,465
915 ,420
916 ,435
917 ,400
918 ,395
919 ,420
920 ,370
921 ,435
922 ,-135
923 ,420
924 ,410
925 ,430
926 ,415
927 ,400
928 ,440
929 ,435
930 ,415
931 ,405
932 ,420
933 ,-135
934 ,460
935 ,-135
936 ,445
937 ,425
938 ,420
939 ,400
940 ,410
941 ,430
942 ,465
943 ,-135
944 ,420
945 ,-135
946 ,470
947 ,430
948 ,370
949 ,430
950 ,430
951 ,415
952 ,375
953 ,410
954 ,405
955 ,440
956 ,395
957 ,410
958 ,-135
959 ,420
960 ,410
961 ,-135
962 ,435
963 ,430
964 ,405
965 ,-135
966 ,400
967 ,425
968 ,425
969 ,-135
970 ,450
971 ,450
972 ,395
973 ,450
974 ,425
975 ,400
976 ,450
977 ,400
978 ,465
979 ,450
980 ,420
981 ,400
982 ,405
983 ,390
984 ,410
985 ,435
986 ,435
987 ,370
988 ,440
989 ,440
990 ,450
991 ,395
992 ,370
993 ,380
994 ,415
995 ,460
996 ,410
997 ,440
998 ,425
999 ,410
1000 ,405
1001 ,395
1002 ,420
1003 ,415
1004 ,390
1005 ,420
1006 ,-135
1007 ,390
1008 ,405
1009 ,405
1010 ,430
1011 ,385
1012 ,420
1013 ,415
1014 ,440
1015 ,465
1016 ,440
1017 ,415
1018 ,440
1019 ,380
1020 ,425
1021 ,-135
1022 ,425
1023 ,455
1024 ,460
1025 ,420
1026 ,-135
1027 ,390
1028 ,460
1029 ,395
1030 ,435
1031 ,405
1032 ,460
1033 ,415
1034 ,430
1035 ,470
1036 ,-135
1037 ,-135
1038 ,455
1039 ,450
1040 ,450
1041 ,460
1042 ,-135
1043 ,370
1044 ,435
1045 ,430
1046 ,380
1047 ,440
1048 ,380
1049 ,385
1050 ,410
1051 ,435
1052 ,-135
1053 ,400
1054 ,390
1055 ,-135
1056 ,465
1057 ,390
1058 ,425
1059 ,420
1060 ,415
1061 ,415
1062 ,-135
1063 ,440
1064 ,390
1065 ,-135
1066 ,-135
1067 ,-135
1068 ,410
1069 ,450
1070 ,430
1071 ,405
1072 ,-135
1073 ,-135
1074 ,420
1075 ,410
1076 ,375
1077 ,410
1078 ,450
1079 ,400
1080 ,435
1081 ,445
1082 ,430
1083 ,405
1084 ,-135
1085 ,420
1086 ,425
1087 ,365
1088 ,440
1089 ,365
1090 ,370
1091 ,415
1092 ,410
1093 ,435
1094 ,440
1095 ,375
1096 ,415
1097 ,370
1098 ,470
1099 ,395
1100 ,420
1101 ,465
1102 ,385
1103 ,450
1104 ,-135
1105 ,400
1106 ,385
1107 ,385
1108 ,395
1109 ,445
1110 ,415
1111 ,435
1112 ,-135
1113 ,430
1114 ,375
1115 ,-135
1116 ,425
1117 ,-135
1118 ,450
1119 ,425
1120 ,460
1121 ,400
1122 ,410
1123 ,375
1124 ,415
1125 ,-135
1126 ,440
1127 ,395
1128 ,405
1129 ,405
1130 ,405
1131 ,390
1132 ,425
1133 ,390
1134 ,410
1135 ,425
1136 ,430
1137 ,430
1138 ,445
1139 ,-135
1140 ,380
1141 ,455
1142 ,425
1143 ,405
1144 ,410
1145 ,-135
1146 ,430
1147 ,420
1148 ,400
1149 ,390
1150 ,445
1151 ,405
1152 ,465
1153 ,415
1154 ,-135
1155 ,435
1156 ,-135
1157 ,425
1158 ,-135
1159 ,380
1160 ,440
1161 ,395
1162 ,430
1163 ,440
1164 ,405
1165 ,425
1166 ,445
1167 ,465
1168 ,415
1169 ,415
1170 ,385
1171 ,435
1172 ,430
1173 ,430
1174 ,460
1175 ,375
1176 ,-135
1177 ,-135
1178 ,445
1179 ,445
1180 ,380
1181 ,425
1182 ,405
1183 ,450
1184 ,-135
1185 ,415
1186 ,455
1187 ,425
1188 ,385
1189 ,440
1190 ,435
1191 ,430
1192 ,410
1193 ,-135
1194 ,435
1195 ,370
1196 ,455
1197 ,450
1198 ,420
1199 ,420
1200 ,435
1201 ,445
1202 ,440
1203 ,410
1204 ,390
1205 ,455
1206 ,380
1207 ,-135
1208 ,440
1209 ,-135
1210 ,-135
1211 ,410
1212 ,460
1213 ,365
1214 ,420
1215 ,470
1216 ,465
1217 ,365
1218 ,-135
1219 ,395
1220 ,445
1221 ,460
1222 ,440
1223 ,390
1224 ,425
1225 ,385
1226 ,445
1227 ,375
1228 ,445
1229 ,465
1230 ,445
1231 ,375
1232 ,425
1233 ,375
1234 ,425
1235 ,-135
1236 ,385
1237 ,-135
1238 ,465
1239 ,375
1240 ,395
1241 ,410
1242 ,405
1243 ,420
1244 ,400
1245 ,-135
1246 ,430
1247 ,410
1248 ,450
1249 ,385
1250 ,425
1251 ,435
1252 ,435
1253 ,460
1254 ,370
1255 ,370
1256 ,470
1257 ,405
1258 ,-135
1259 ,420
1260 ,445
1261 ,-135
1262 ,410
1263 ,435
1264 ,-135
1265 ,470
1266 ,445
1267 ,-135
1268 ,395
1269 ,445
1270 ,410
1271 ,405
1272 ,-135
1273 ,365
1274 ,415
1275 ,440
1276 ,450
1277 ,405
1278 ,450
1279 ,450
1280 ,460
1281 ,420
1282 ,385
1283 ,430
1284 ,380
1285 ,405
1286 ,-135
1287 ,420
1288 ,-135
1289 ,450
1290 ,385
1291 ,-135
1292 ,440
1293 ,380
1294 ,440
1295 ,415
1296 ,425
1297 ,450
1298 ,465
1299 ,460
1300 ,380
1301 ,465
1302 ,395
1303 ,450
1304 ,375
1305 ,410
1306 ,445
1307 ,440
1308 ,465
1309 ,415
1310 ,430
1311 ,-135
1312 ,390
1313 ,410
1314 ,425
1315 ,400
1316 ,395
1317 ,420
1318 ,-135
1319 ,430
1320 ,440
1321 ,-135
1322 ,460
1323 ,445
1324 ,415
1325 ,440
1326 ,-135
1327 ,420
1328 ,415
1329 ,415
1330 ,435
1331 ,425
1332 ,-135
1333 ,450
1334 ,395
1335 ,415
1336 ,430
1337 ,-135
1338 ,-135
1339 ,440
1340 ,-135
1341 ,450
1342 ,435
1343 ,375
1344 ,425
1345 ,395
1346 ,405
1347 ,420
1348 ,-135
1349 ,-135
1350 ,405
1351 ,455
1352 ,380
1353 ,440
1354 ,420
1355 ,450
1356 ,450
1357 ,420
1358 ,470
1359 ,445
1360 ,425
1361 ,405
1362 ,450
1363 ,-135
1364 ,445
1365 ,425
1366 ,390
1367 ,465
1368 ,440
1369 ,415
1370 ,420
1371 ,370
1372 ,440
1373 ,445
1374 ,440
1375 ,385
1376 ,380
1377 ,455
1378 ,425
1379 ,425
1380 ,435
1381 ,465
1382 ,450
1383 ,405
1384 ,415
1385 ,380
1386 ,395
1387 ,450
1388 ,415
1389 ,420
1390 ,460
1391 ,460
1392 ,410
1393 ,435
1394 ,-135
1395 ,410
1396 ,435
1397 ,420
1398 ,415
1399 ,375
1400 ,390
1401 ,395
1402 ,390
1403 ,455
1404 ,-135
1405 ,450
1406 ,380
1407 ,435
1408 ,395
1409 ,410
1410 ,440
1411 ,450
1412 ,365
1413 ,435
1414 ,470
1415 ,430
1416 ,375
1417 ,-135
1418 ,395
1419 ,415
1420 ,435
1421 ,380
1422 ,400
1423 ,370
1424 ,-135
1425 ,425
1426 ,390
1427 ,440
1428 ,445
1429 ,425
1430 ,410
1431 ,445
1432 ,385
1433 ,370
1434 ,-135
1435 ,460
1436 ,430
1437 ,445
1438 ,435
1439 ,405
1440 ,435
1441 ,435
1442 ,440
1443 ,445
1444 ,420
1445 ,450
1446 ,450
1447 ,445
1448 ,440
1449 ,365
1450 ,405
1451 ,435
1452 ,385
1453 ,465
1454 ,465
1455 ,425
1456 ,385
1457 ,425
1458 ,445
1459 ,430
1460 ,470
1461 ,460
1462 ,370
1463 ,385
1464 ,440
1465 ,425
1466 ,440
1467 ,380
1468 ,435
1469 ,410
1470 ,455
1471 ,440
1472 ,375
1473 ,375
1474 ,460
1475 ,425
1476 ,470
1477 ,440
1478 ,425
1479 ,380
1480 ,395
1481 ,425
1482 ,390
1483 ,450
1484 ,435
1485 ,370
1486 ,440
1487 ,435
1488 ,395
1489 ,450
1490 ,410
1491 ,440
1492 ,435
1493 ,410
1494 ,-135
1495 ,455
1496 ,375
1497 ,420
1498 ,410
1499 ,375
1500 ,-135
1501 ,-135
1502 ,435
1503 ,370
1504 ,460
1505 ,365
1506 ,365
1507 ,390
1508 ,380
1509 ,365
1510 ,420
1511 ,465
1512 ,425
1513 ,420
1514 ,365
1515 ,430
1516 ,440
1517 ,-135
1518 ,375
1519 ,380
1520 ,380
1521 ,445
1522 ,410
1523 ,450
1524 ,440
1525 ,435
1526 ,430
1527 ,410
1528 ,425
1529 ,415
1530 ,-135
1531 ,450
1532 ,400
1533 ,450
1534 ,465
1535 ,455
1536 ,380
1537 ,415
1538 ,-135
1539 ,400
1540 ,460
1541 ,465
1542 ,450
1543 ,400
1544 ,425
1545 ,450
1546 ,-135
1547 ,400
1548 ,465
1549 ,470
1550 ,410
1551 ,405
1552 ,445
1553 ,370
1554 ,390
1555 ,440
1556 ,425
1557 ,435
1558 ,450
1559 ,410
1560 ,430
1561 ,385
1562 ,380
1563 ,420
1564 ,420
1565 ,435
1566 ,455
1567 ,385
1568 ,375
1569 ,415
1570 ,455
1571 ,465
1572 ,-135
1573 ,440
1574 ,460
1575 ,-135
1576 ,415
1577 ,-135
1578 ,-135
1579 ,415
1580 ,415
1581 ,435
1582 ,440
1583 ,445
1584 ,445
1585 ,450
1586 ,455
1587 ,380
1588 ,365
1589 ,-135
1590 ,430
1591 ,395
1592 ,425
1593 ,405
1594 ,-135
1595 ,455
1596 ,420
1597 ,425
1598 ,415
1599 ,-135
1600 ,400
1601 ,390
1602 ,450
1603 ,425
1604 ,-135
1605 ,395
1606 ,405
1607 ,450
1608 ,430
1609 ,445
1610 ,-135
1611 ,445
1612 ,445
1613 ,-135
1614 ,420
1615 ,-135
1616 ,420
1617 ,445
1618 ,420
1619 ,385
1620 ,460
1621 ,440
1622 ,415
1623 ,445
1624 ,370
1625 ,400
1626 ,-135
1627 ,-135
1628 ,430
1629 ,450
1630 ,405
1631 ,440
1632 ,405
1633 ,415
1634 ,-135
1635 ,420
1636 ,425
1637 ,395
1638 ,-135
1639 ,385
1640 ,460
1641 ,465
1642 ,420
1643 ,395
1644 ,365
1645 ,435
1646 ,420
1647 ,415
1648 ,-135
1649 ,400
1650 ,460
1651 ,430
1652 ,435
1653 ,-135
1654 ,-135
1655 ,415
1656 ,415
1657 ,385
1658 ,400
1659 ,395
1660 ,370
1661 ,415
1662 ,-135
1663 ,425
1664 ,450
1665 ,435
1666 ,375
1667 ,-135
1668 ,370
1669 ,380
1670 ,380
1671 ,385
1672 ,445
1673 ,425
1674 ,435
1675 ,450
1676 ,-135
1677 ,445
1678 ,375
1679 ,455
1680 ,410
1681 ,455
1682 ,445
1683 ,-135
1684 ,395
1685 ,-135
1686 ,450
1687 ,425
1688 ,420
1689 ,455
1690 ,435
1691 ,365
1692 ,-135
1693 ,425
1694 ,470
1695 ,395
1696 ,415
1697 ,-135
1698 ,435
1699 ,450
1700 ,470
1701 ,420
1702 ,425
1703 ,425
1704 ,400
1705 ,400
1706 ,415
1707 ,410
1708 ,425
1709 ,410
1710 ,-135
1711 ,450
1712 ,445
1713 ,395
1714 ,370
1715 ,415
1716 ,425
1717 ,385
1718 ,460
1719 ,420
1720 ,425
1721 ,430
1722 ,-135
1723 ,-135
1724 ,390
1725 ,-135
1726 ,435
1727 ,-135
1728 ,450
1729 ,450
1730 ,-135
1731 ,390
1732 ,390
1733 ,425
1734 ,430
1735 ,435
1736 ,415
1737 ,420
1738 ,465
1739 ,390
1740 ,460
1741 ,455
1742 ,400
1743 ,440
1744 ,440
1745 ,430
1746 ,455
1747 ,440
1748 ,425
1749 ,405
1750 ,460
1751 ,400
1752 ,365
1753 ,370
1754 ,380
1755 ,435
1756 ,445
1757 ,450
1758 ,410
1759 ,455
1760 ,385
1761 ,385
1762 ,460
1763 ,445
1764 ,-135
1765 ,395
1766 ,380
1767 ,445
1768 ,405
1769 ,400
1770 ,460
1771 ,-135
1772 ,445
1773 ,435
1774 ,385
1775 ,395
1776 ,375
1777 ,-135
1778 ,440
1779 ,415
1780 ,410
1781 ,460
1782 ,420
1783 ,465
1784 ,415
1785 ,405
1786 ,375
1787 ,455
1788 ,450
1789 ,400
1790 ,370
1791 ,470
1792 ,425
1793 ,-135
1794 ,375
1795 ,425
1796 ,420
1797 ,445
1798 ,-135
1799 ,420
1800 ,415
1801 ,-135
1802 ,400
1803 ,455
1804 ,420
1805 ,380
1806 ,450
1807 ,-135
1808 ,440
1809 ,460
1810 ,410
1811 ,450
1812 ,440
1813 ,375
1814 ,375
1815 ,410
1816 ,445
1817 ,470
1818 ,425
1819 ,440
1820 ,400
1821 ,-135
1822 ,395
1823 ,440
1824 ,-135
1825 ,400
1826 ,390
1827 ,455
1828 ,410
1829 ,465
1830 ,425
1831 ,410
1832 ,380
1833 ,455
1834 ,450
1835 ,365
1836 ,385
1837 ,455
1838 ,420
1839 ,410
1840 ,430
1841 ,420
1842 ,400
1843 ,435
1844 ,425
1845 ,435
1846 ,425
1847 ,435
1848 ,435
1849 ,440
1850 ,455
1851 ,435
1852 ,385
1853 ,390
1854 ,-135
1855 ,390
1856 ,430
1857 ,405
1858 ,440
1859 ,445
1860 ,445
1861 ,445
1862 ,450
1863 ,415
1864 ,405
1865 ,385
1866 ,400
1867 ,405
1868 ,420
1869 ,-135
1870 ,-135
1871 ,440
1872 ,420
1873 ,-135
1874 ,435
1875 ,445
1876 ,390
1877 ,405
1878 ,400
1879 ,445
1880 ,465
1881 ,455
1882 ,455
1883 ,395
1884 ,445
1885 ,420
1886 ,385
1887 ,410
1888 ,370
1889 ,430
1890 ,370
1891 ,385
1892 ,395
1893 ,-135
1894 ,450
1895 ,395
1896 ,420
1897 ,-135
1898 ,-135
1899 ,450
1900 ,415
1901 ,425
1902 ,420
1903 ,435
1904 ,375
1905 ,385
1906 ,435
1907 ,395
1908 ,400
1909 ,450
1910 ,395
1911 ,415
1912 ,460
1913 ,410
1914 ,-135
1915 ,450
1916 ,405
1917 ,440
1918 ,465
1919 ,440
1920 ,-135
1921 ,-135
1922 ,410
1923 ,385
1924 ,455
1925 ,435
1926 ,415
1927 ,460
1928 ,375
1929 ,365
1930 ,415
1931 ,445
1932 ,400
1933 ,395
1934 ,430
1935 ,420
1936 ,-135
1937 ,430
1938 ,390
1939 ,435
1940 ,425
1941 ,450
1942 ,415
1943 ,380
1944 ,460
1945 ,365
1946 ,375
1947 ,425
1948 ,470
1949 ,445
1950 ,455
1951 ,430
1952 ,425
1953 ,445
1954 ,-135
1955 ,405
1956 ,435
1957 ,465
1958 ,435
1959 ,-135
1960 ,455
1961 ,425
1962 ,455
1963 ,415
1964 ,435
1965 ,410
1966 ,-135
1967 ,430
1968 ,410
1969 ,420
1970 ,390
1971 ,-135
1972 ,430
1973 ,455
1974 ,415
1975 ,440
1976 ,375
1977 ,-135
1978 ,430
1979 ,415
1980 ,435
1981 ,430
1982 ,-135
1983 ,445
1984 ,400
1985 ,420
1986 ,445
1987 ,-135
1988 ,-135
1989 ,370
1990 ,-135
1991 ,465
1992 ,-135
1993 ,455
1994 ,465
1995 ,440
1996 ,390
1997 ,395
1998 ,435
1999 ,470
2000 ,460
2001 ,420
2002 ,385
2003 ,380
2004 ,420
2005 ,400
2006 ,455
2007 ,370
2008 ,400
2009 ,-135
2010 ,415
2011 ,435
2012 ,420
2013 ,425
2014 ,430
2015 ,410
2016 ,440
2017 ,385
2018 ,375
2019 ,425
2020 ,-135
2021 ,465
2022 ,-135
2023 ,-135
2024 ,435
2025 ,455
2026 ,445
2027 ,410
2028 ,395
2029 ,430
2030 ,380
2031 ,440
2032 ,395
2033 ,450
2034 ,-135
2035 ,-135
2036 ,395
2037 ,-135
2038 ,440
2039 ,460
2040 ,435
2041 ,425
2042 ,470
2043 ,425
2044 ,420
2045 ,450
2046 ,450
2047 ,420
2048 ,370
2049 ,390
2050 ,-135
2051 ,435
2052 ,405
2053 ,445
2054 ,405
2055 ,365
2056 ,440
2057 ,385
2058 ,400
2059 ,430
2060 ,-135
2061 ,375
2062 ,380
2063 ,410
2064 ,450
2065 ,450
2066 ,420
2067 ,410
2068 ,425
2069 ,450
2070 ,425
2071 ,405
2072 ,435
2073 ,460
2074 ,365
2075 ,445
2076 ,405
2077 ,370
2078 ,-135
2079 ,430
2080 ,425
2081 ,365
2082 ,420
2083 ,400
2084 ,-135
2085 ,425
2086 ,365
2087 ,410
2088 ,415
2089 ,410
2090 ,425
2091 ,370
2092 ,440
2093 ,430
2094 ,445
2095 ,465
2096 ,375
2097 ,365
2098 ,420
2099 ,445
2100 ,440
2101 ,375
2102 ,-135
2103 ,455
2104 ,415
2105 ,390
2106 ,390
2107 ,415
2108 ,400
2109 ,425
2110 ,-135
2111 ,-135
2112 ,415
2113 ,385
2114 ,415
2115 ,435
2116 ,450
2117 ,430
2118 ,410
2119 ,415
2120 ,375
2121 ,385
2122 ,430
2123 ,460
2124 ,-135
2125 ,445
2126 ,385
2127 ,420
2128 ,400
2129 ,445
2130 ,415
2131 ,370
2132 ,405
2133 ,-135
2134 ,390
2135 ,440
2136 ,450
2137 ,430
2138 ,405
2139 ,435
2140 ,440
2141 ,-135
2142 ,400
2143 ,430
2144 ,420
2145 ,400
2146 ,405
2147 ,455
2148 ,430
2149 ,425
2150 ,400
2151 ,455
2152 ,450
2153 ,445
2154 ,460
2155 ,400
2156 ,380
2157 ,430
2158 ,450
2159 ,395
2160 ,425
2161 ,415
2162 ,400
2163 ,455
2164 ,-135
2165 ,410
2166 ,435
2167 ,450
2168 ,415
2169 ,405
2170 ,420
2171 ,465
2172 ,445
2173 ,440
2174 ,430
2175 ,430
2176 ,-135
2177 ,395
2178 ,435
2179 ,390
2180 ,385
2181 ,430
2182 ,-135
2183 ,420
2184 ,375
2185 ,420
2186 ,395
2187 ,455
2188 ,420
2189 ,425
2190 ,380
2191 ,460
2192 ,405
2193 ,415
2194 ,425
2195 ,460
2196 ,465
2197 ,465
2198 ,440
2199 ,385
2200 ,450
2201 ,-135
2202 ,460
2203 ,395
2204 ,-135
2205 ,425
2206 ,380
2207 ,435
2208 ,425
2209 ,415
2210 ,445
2211 ,-135
2212 ,370
2213 ,410
2214 ,415
2215 ,430
2216 ,-135
2217 ,450
2218 ,-135
2219 ,460
2220 ,425
2221 ,415
2222 ,385
2223 ,425
2224 ,440
2225 ,390
2226 ,470
2227 ,390
2228 ,-135
2229 ,430
2230 ,-135
2231 ,420
2232 ,430
2233 ,400
2234 ,390
2235 ,410
2236 ,450
2237 ,445
2238 ,455
2239 ,455
2240 ,425
2241 ,375
2242 ,425
2243 ,410
2244 ,405
2245 ,415
2246 ,-135
2247 ,370
2248 ,435
2249 ,395
2250 ,405
2251 ,450
2252 ,380
2253 ,380
2254 ,455
2255 ,400
2256 ,385
2257 ,385
2258 ,-135
2259 ,365
2260 ,420
2261 ,410
2262 ,435
2263 ,410
2264 ,395
2265 ,445
2266 ,450
2267 ,440
2268 ,465
2269 ,455
2270 ,425
2271 ,410
2272 ,-135
2273 ,-135
2274 ,-135
2275 ,460
2276 ,445
2277 ,425
2278 ,445
2279 ,455
2280 ,460
2281 ,390
2282 ,380
2283 ,-135
2284 ,-135
2285 ,-135
2286 ,380
2287 ,440
2288 ,410
2289 ,395
2290 ,425
2291 ,450
2292 ,430
2293 ,-135
2294 ,440
2295 ,465
2296 ,420
2297 ,-135
2298 ,380
2299 ,430
2300 ,405
2301 ,385
2302 ,390
2303 ,435
2304 ,440
2305 ,420
2306 ,425
2307 ,-135
2308 ,385
2309 ,395
2310 ,430
2311 ,-135
2312 ,365
2313 ,435
2314 ,385
2315 ,445
2316 ,425
2317 ,470
2318 ,-135
2319 ,380
2320 ,-135
2321 ,445
2322 ,-135
2323 ,425
2324 ,460
2325 ,395
2326 ,380
2327 ,465
2328 ,365
2329 ,420
2330 ,460
2331 ,440
2332 ,430
2333 ,385
2334 ,460
2335 ,415
2336 ,445
2337 ,450
2338 ,-135
2339 ,390
2340 ,465
2341 ,415
2342 ,395
2343 ,-135
2344 ,450
2345 ,420
2346 ,450
2347 ,400
2348 ,445
2349 ,375
2350 ,390
2351 ,-135
2352 ,-135
2353 ,465
2354 ,420
2355 ,-135
2356 ,445
2357 ,420
2358 ,430
2359 ,445
2360 ,-135
2361 ,380
2362 ,455
2363 ,405
2364 ,-135
2365 ,400
2366 ,440
2367 ,410
2368 ,380
2369 ,380
2370 ,460
2371 ,380
2372 ,390
2373 ,440
2374 ,-135
2375 ,450
2376 ,435
2377 ,465
2378 ,470
2379 ,465
2380 ,-135
2381 ,410
2382 ,430
2383 ,-135
2384 ,415
2385 ,455
2386 ,390
2387 ,400
2388 ,370
2389 ,-135
2390 ,-135
2391 ,-135
2392 ,375
2393 ,-135
2394 ,405
2395 ,455
2396 ,435
2397 ,395
2398 ,435
2399 ,-135
2400 ,420
2401 ,-135
2402 ,-135
2403 ,435
2404 ,440
2405 ,460
2406 ,435
2407 ,-135
2408 ,420
2409 ,470
2410 ,435
2411 ,405
2412 ,425
2413 ,450
2414 ,445
2415 ,385
2416 ,395
2417 ,435
2418 ,420
2419 ,400
2420 ,400
2421 ,415
2422 ,445
2423 ,420
2424 ,460
2425 ,410
2426 ,395
2427 ,420
2428 ,440
2429 ,410
2430 ,435
2431 ,450
2432 ,450
2433 ,420
2434 ,385
2435 ,440
2436 ,-135
2437 ,-135
2438 ,400
2439 ,405
2440 ,385
2441 ,460
2442 ,405
2443 ,390
2444 ,425
2445 ,425
2446 ,465
2447 ,425
2448 ,420
2449 ,400
2450 ,410
2451 ,395
2452 ,365
2453 ,430
2454 ,-135
2455 ,435
2456 ,420
2457 ,415
2458 ,435
2459 ,445
2460 ,-135
2461 ,400
2462 ,445
2463 ,-135
2464 ,405
2465 ,390
2466 ,-135
2467 ,410
2468 ,450
2469 ,380
2470 ,405
2471 ,-135
2472 ,430
2473 ,425
2474 ,430
2475 ,425
2476 ,410
2477 ,400
2478 ,415
2479 ,455
2480 ,-135
2481 ,365
2482 ,385
2483 ,440
2484 ,415
2485 ,-135
2486 ,470
2487 ,410
2488 ,460
2489 ,400
2490 ,440
2491 ,425
2492 ,420
2493 ,450
2494 ,430
2495 ,435
2496 ,415
2497 ,405
2498 ,425
2499 ,420
2500 ,410
2501 ,-135
2502 ,415
2503 ,440
2504 ,380
2505 ,410
2506 ,-135
2507 ,420
2508 ,420
2509 ,440
2510 ,-135
2511 ,430
2512 ,460
2513 ,425
2514 ,430
2515 ,385
2516 ,-135
2517 ,440
2518 ,455
2519 ,400
2520 ,410
2521 ,450
2522 ,460
2523 ,-135
2524 ,-135
2525 ,385
2526 ,-135
2527 ,435
2528 ,430
2529 ,390
2530 ,395
2531 ,390
2532 ,445
2533 ,365
2534 ,445
2535 ,420
2536 ,420
2537 ,420
2538 ,390
2539 ,390
2540 ,395
2541 ,435
2542 ,420
2543 ,375
2544 ,390
2545 ,410
2546 ,365
2547 ,410
2548 ,385
2549 ,420
2550 ,380
2551 ,445
2552 ,-135
2553 ,415
2554 ,410
2555 ,-135
2556 ,435
2557 ,375
2558 ,470
2559 ,370
2560 ,370
2561 ,405
2562 ,425
2563 ,410
2564 ,415
2565 ,455
2566 ,365
2567 ,385
2568 ,415
2569 ,385
2570 ,-135
2571 ,435
2572 ,440
2573 ,-135
2574 ,435
2575 ,430
2576 ,380
2577 ,420
2578 ,365
2579 ,415
2580 ,-135
2581 ,-135
2582 ,450
2583 ,-135
2584 ,450
2585 ,425
2586 ,455
2587 ,455
2588 ,-135
2589 ,410
2590 ,410
2591 ,380
2592 ,420
2593 ,415
2594 ,420
2595 ,465
2596 ,405
2597 ,470
2598 ,440
2599 ,445
2600 ,380
2601 ,450
2602 ,435
2603 ,425
2604 ,410
2605 ,415
2606 ,445
2607 ,430
2608 ,425
2609 ,445
2610 ,375
2611 ,460
2612 ,440
2613 ,400
2614 ,420
2615 ,435
2616 ,445
2617 ,445
2618 ,420
2619 ,435
2620 ,455
2621 ,420
2622 ,420
2623 ,385
2624 ,400
2625 ,-135
2626 ,385
2627 ,-135
2628 ,420
2629 ,445
2630 ,-135
2631 ,375
2632 ,380
2633 ,395
2634 ,370
2635 ,410
2636 ,420
2637 ,-135
2638 ,425
2639 ,430
2640 ,465
2641 ,410
2642 ,425
2643 ,460
2644 ,420
2645 ,405
2646 ,380
2647 ,-135
2648 ,435
2649 ,430
2650 ,405
2651 ,-135
2652 ,430
2653 ,-135
2654 ,-135
2655 ,435
2656 ,425
2657 ,430
2658 ,435
2659 ,400
2660 ,365
2661 ,430
2662 ,395
2663 ,425
2664 ,-135
2665 ,-135
2666 ,430
2667 ,400
2668 ,415
2669 ,450
2670 ,415
2671 ,440
2672 ,445
2673 ,400
2674 ,405
2675 ,455
2676 ,415
2677 ,415
2678 ,385
2679 ,425
2680 ,425
2681 ,445
2682 ,420
2683 ,420
2684 ,415
2685 ,405
2686 ,365
2687 ,405
2688 ,385
2689 ,415
2690 ,450
2691 ,435
2692 ,440
2693 ,430
2694 ,420
2695 ,405
2696 ,425
2697 ,445
2698 ,410
2699 ,445
2700 ,-135
2701 ,390
2702 ,415
2703 ,430
2704 ,410
2705 ,450
2706 ,385
2707 ,-135
2708 ,405
2709 ,425
2710 ,400
2711 ,430
2712 ,370
2713 ,460
2714 ,415
2715 ,400
2716 ,420
2717 ,450
2718 ,455
2719 ,420
2720 ,445
2721 ,385
2722 ,405
2723 ,395
2724 ,-135
2725 ,365
2726 ,450
2727 ,395
2728 ,430
2729 ,410
2730 ,430
2731 ,410
2732 ,-135
2733 ,415
2734 ,-135
2735 ,415
2736 ,385
2737 ,455
2738 ,435
2739 ,445
2740 ,440
2741 ,385
2742 ,395
2743 ,455
2744 ,385
2745 ,420
2746 ,415
2747 ,415
2748 ,365
2749 ,380
2750 ,410
2751 ,450
2752 ,435
2753 ,395
2754 ,450
2755 ,-135
2756 ,455
2757 ,410
2758 ,370
2759 ,430
2760 ,-135
2761 ,420
2762 ,415
2763 ,440
2764 ,445
2765 ,405
2766 ,450
2767 ,365
2768 ,435
2769 ,425
2770 ,365
2771 ,-135
2772 ,400
2773 ,460
2774 ,-135
2775 ,415
2776 ,395
2777 ,420
2778 ,425
2779 ,420
2780 ,430
2781 ,-135
2782 ,430
2783 ,420
2784 ,425
2785 ,415
2786 ,450
2787 ,435
2788 ,440
2789 ,460
2790 ,425
2791 ,-135
2792 ,440
2793 ,430
2794 ,445
2795 ,420
2796 ,385
2797 ,415
2798 ,375
2799 ,415
2800 ,415
2801 ,445
2802 ,455
2803 ,375
2804 ,380
2805 ,460
2806 ,420
2807 ,405
2808 ,440
2809 ,410
2810 ,385
2811 ,385
2812 ,-135
2813 ,-135
2814 ,440
2815 ,370
2816 ,455
2817 ,420
2818 ,-135
2819 ,-135
2820 ,430
2821 ,415
2822 ,420
2823 ,380
2824 ,465
2825 ,-135
2826 ,435
2827 ,-135
2828 ,365
2829 ,405
2830 ,435
2831 ,385
2832 ,400
2833 ,410
2834 ,415
2835 ,430
2836 ,-135
2837 ,415
2838 ,420
2839 ,-135
2840 ,-135
2841 ,-135
2842 ,420
2843 ,470
2844 ,400
2845 ,415
2846 ,410
2847 ,-135
2848 ,-135
2849 ,415
2850 ,460
2851 ,405
2852 ,-135
2853 ,390
2854 ,-135
2855 ,410
2856 ,420
2857 ,440
2858 ,-135
2859 ,440
2860 ,415
2861 ,415
2862 ,460
2863 ,405
2864 ,450
2865 ,460
2866 ,425
2867 ,450
2868 ,415
2869 ,-135
2870 ,455
2871 ,375
2872 ,445
2873 ,440
2874 ,460
2875 ,410
2876 ,435
2877 ,390
2878 ,445
2879 ,410
2880 ,425
2881 ,430
2882 ,-135
2883 ,405
2884 ,435
2885 ,395
2886 ,465
2887 ,435
2888 ,440
2889 ,375
2890 ,410
2891 ,445
2892 ,380
2893 ,385
2894 ,420
2895 ,425
2896 ,465
2897 ,435
2898 ,400
2899 ,455
2900 ,400
2901 ,415
2902 ,385
2903 ,445
2904 ,410
2905 ,370
2906 ,-135
2907 ,-135
2908 ,420
2909 ,425
2910 ,395
2911 ,420
2912 ,455
2913 ,435
2914 ,-135
2915 ,430
2916 ,420
2917 ,385
2918 ,365
2919 ,-135
2920 ,400
2921 ,410
2922 ,420
2923 ,425
2924 ,415
2925 ,405
2926 ,420
2927 ,410
2928 ,450
2929 ,400
2930 ,445
2931 ,385
2932 ,420
2933 ,445
2934 ,405
2935 ,450
2936 ,420
2937 ,450
2938 ,440
2939 ,395
2940 ,410
2941 ,460
2942 ,-135
2943 ,370
2944 ,415
2945 ,425
2946 ,460
2947 ,-135
2948 ,405
2949 ,385
2950 ,420
2951 ,405
2952 ,-135
2953 ,425
2954 ,455
2955 ,440
2956 ,-135
2957 ,445
2958 ,460
2959 ,435
2960 ,445
2961 ,435
2962 ,435
2963 ,440
2964 ,410
2965 ,365
2966 ,435
2967 ,460
2968 ,440
2969 ,445
2970 ,465
2971 ,420
2972 ,455
2973 ,420
2974 ,460
2975 ,390
2976 ,455
2977 ,-135
2978 ,415
2979 ,380
2980 ,425
2981 ,435
2982 ,420
2983 ,-135
2984 ,400
2985 ,365
2986 ,390
2987 ,410
2988 ,405
2989 ,365
2990 ,430
2991 ,-135
2992 ,465
2993 ,460
2994 ,425
2995 ,455
2996 ,-135
2997 ,440
2998 ,450
2999 ,425
3000 ,400
3001 ,-135
3002 ,410
3003 ,435
3004 ,425
3005 ,435
3006 ,385
3007 ,405
3008 ,420
3009 ,430
3010 ,440
3011 ,465
3012 ,380
3013 ,400
3014 ,405
3015 ,400
3016 ,415
3017 ,440
3018 ,405
3019 ,425
3020 ,460
3021 ,370
3022 ,395
3023 ,390
3024 ,435
3025 ,365
3026 ,405
3027 ,445
3028 ,-135
3029 ,455
3030 ,-135
3031 ,440
3032 ,460
3033 ,460
3034 ,440
3035 ,435
3036 ,375
3037 ,435
3038 ,-135
3039 ,410
3040 ,395
3041 ,-135
3042 ,435
3043 ,415
3044 ,415
3045 ,430
3046 ,430
3047 ,470
3048 ,-135
3049 ,430
3050 ,425
3051 ,435
3052 ,455
3053 ,-135
3054 ,445
3055 ,450
3056 ,405
3057 ,390
3058 ,385
3059 ,405
3060 ,445
3061 ,375
3062 ,395
3063 ,390
3064 ,385
3065 ,410
3066 ,410
3067 ,445
3068 ,425
3069 ,440
3070 ,405
3071 ,420
3072 ,400
3073 ,415
3074 ,380
3075 ,420
3076 ,380
3077 ,400
3078 ,365
3079 ,445
3080 ,365
3081 ,-135
3082 ,400
3083 ,430
3084 ,-135
3085 ,410
3086 ,420
3087 ,-135
3088 ,420
3089 ,440
3090 ,-135
3091 ,460
3092 ,395
3093 ,420
3094 ,415
3095 ,-135
3096 ,430
3097 ,390
3098 ,-135
3099 ,435
3100 ,410
3101 ,390
3102 ,425
3103 ,450
3104 ,415
3105 ,-135
3106 ,435
3107 ,370
3108 ,-135
3109 ,435
3110 ,395
3111 ,380
3112 ,440
3113 ,-135
3114 ,395
3115 ,410
3116 ,430
3117 ,440
3118 ,445
3119 ,-135
3120 ,450
3121 ,400
3122 ,455
3123 ,395
3124 ,460
3125 ,445
3126 ,380
3127 ,390
3128 ,445
3129 ,-135
3130 ,435
3131 ,430
3132 ,425
3133 ,455
3134 ,385
3135 ,415
3136 ,390
3137 ,440
3138 ,435
3139 ,465
3140 ,465
3141 ,455
3142 ,390
3143 ,-135
3144 ,400
3145 ,425
3146 ,400
3147 ,450
3148 ,-135
3149 ,460
3150 ,440
3151 ,-135
3152 ,470
3153 ,435
3154 ,450
3155 ,425
3156 ,430
3157 ,440
3158 ,400
3159 ,-135
3160 ,425
3161 ,440
3162 ,425
3163 ,435
3164 ,415
3165 ,430
3166 ,420
3167 ,470
3168 ,375
3169 ,440
3170 ,-135
3171 ,375
3172 ,405
3173 ,410
3174 ,-135
3175 ,425
3176 ,425
3177 ,380
3178 ,-135
3179 ,415
3180 ,425
3181 ,375
3182 ,455
3183 ,445
3184 ,470
3185 ,435
3186 ,435
3187 ,370
3188 ,470
3189 ,430
3190 ,400
3191 ,435
3192 ,440
3193 ,415
3194 ,370
3195 ,-135
3196 ,445
3197 ,400
3198 ,-135
3199 ,460
3200 ,430
3201 ,425
3202 ,400
3203 ,395
3204 ,450
3205 ,465
3206 ,390
3207 ,405
3208 ,425
3209 ,365
3210 ,455
3211 ,450
3212 ,425
3213 ,395
3214 ,445
3215 ,450
3216 ,400
3217 ,370
3218 ,430
3219 ,-135
3220 ,425
3221 ,-135
3222 ,420
3223 ,370
3224 ,420
3225 ,-135
3226 ,470
3227 ,460
3228 ,415
3229 ,430
3230 ,380
3231 ,440
3232 ,385
3233 ,370
3234 ,460
3235 ,445
3236 ,-135
3237 ,415
3238 ,465
3239 ,385
3240 ,-135
3241 ,415
3242 ,415
3243 ,445
3244 ,435
3245 ,420
3246 ,410
3247 ,-135
3248 ,455
3249 ,400
3250 ,415
3251 ,420
3252 ,410
3253 ,405
3254 ,415
3255 ,-135
3256 ,430
3257 ,430
3258 ,420
3259 ,415
3260 ,445
3261 ,415
3262 ,455
3263 ,375
3264 ,460
3265 ,425
3266 ,415
3267 ,405
3268 ,-135
3269 ,410
3270 ,375
3271 ,455
3272 ,430
3273 ,390
3274 ,445
3275 ,-135
3276 ,435
3277 ,415
3278 ,-135
3279 ,420
3280 ,410
3281 ,365
3282 ,410
3283 ,400
3284 ,430
3285 ,460
3286 ,395
3287 ,440
3288 ,450
3289 ,445
3290 ,435
3291 ,415
3292 ,365
3293 ,415
3294 ,-135
3295 ,435
3296 ,420
3297 ,-135
3298 ,445
3299 ,415
3300 ,-135
3301 ,440
3302 ,465
3303 ,395
3304 ,420
3305 ,440
3306 ,450
3307 ,400
3308 ,450
3309 ,405
3310 ,435
3311 ,405
3312 ,-135
3313 ,375
3314 ,440
3315 ,430
3316 ,410
3317 ,400
3318 ,440
3319 ,415
3320 ,375
3321 ,440
3322 ,420
3323 ,380
3324 ,410
3325 ,450
3326 ,370
3327 ,405
3328 ,-135
3329 ,435
3330 ,430
3331 ,370
3332 ,450
3333 ,395
3334 ,385
3335 ,390
3336 ,380
3337 ,420
3338 ,395
3339 ,395
3340 ,445
3341 ,440
3342 ,425
3343 ,395
3344 ,465
3345 ,385
3346 ,395
3347 ,430
3348 ,415
3349 ,430
3350 ,420
3351 ,405
3352 ,425
3353 ,370
3354 ,425
3355 ,465
3356 ,385
3357 ,380
3358 ,-135
3359 ,450
3360 ,420
3361 ,420
3362 ,455
3363 ,440
3364 ,-135
3365 ,390
3366 ,460
3367 ,410
3368 ,410
3369 ,400
3370 ,450
3371 ,440
3372 ,450
3373 ,455
3374 ,435
3375 ,460
3376 ,410
3377 ,440
3378 ,455
3379 ,385
3380 ,430
3381 ,445
3382 ,425
3383 ,440
3384 ,385
3385 ,410
3386 ,400
3387 ,405
3388 ,380
3389 ,410
3390 ,410
3391 ,365
3392 ,420
3393 ,385
3394 ,380
3395 ,375
3396 ,420
3397 ,455
3398 ,430
3399 ,405
3400 ,400
3401 ,415
3402 ,395
3403 ,445
3404 ,380
3405 ,-135
3406 ,410
3407 ,-135
3408 ,440
3409 ,430
3410 ,455
3411 ,365
3412 ,375
3413 ,430
3414 ,425
3415 ,-135
3416 ,-135
3417 ,460
3418 ,430
3419 ,435
3420 ,430
3421 ,-135
3422 ,450
3423 ,-135
3424 ,440
3425 ,375
3426 ,425
3427 ,410
3428 ,400
3429 ,425
3430 ,455
3431 ,450
3432 ,460
3433 ,-135
3434 ,420
3435 ,465
3436 ,-135
3437 ,405
3438 ,445
3439 ,465
3440 ,445
3441 ,435
3442 ,385
3443 ,425
3444 ,435
3445 ,425
3446 ,410
3447 ,430
3448 ,420
3449 ,385
3450 ,455
3451 ,430
3452 ,385
3453 ,-135
3454 ,420
3455 ,455
3456 ,455
3457 ,440
3458 ,370
3459 ,445
3460 ,455
3461 ,390
3462 ,435
3463 ,410
3464 ,385
3465 ,420
3466 ,460
3467 ,425
3468 ,-135
3469 ,415
3470 ,440
3471 ,-135
3472 ,455
3473 ,445
3474 ,-135
3475 ,430
3476 ,440
3477 ,410
3478 ,450
3479 ,400
3480 ,425
3481 ,455
3482 ,430
3483 ,450
3484 ,460
3485 ,400
3486 ,410
3487 ,420
3488 ,-135
3489 ,-135
3490 ,395
3491 ,415
3492 ,375
3493 ,-135
3494 ,370
3495 ,425
3496 ,375
3497 ,400
3498 ,465
3499 ,445
3500 ,440
3501 ,370
3502 ,415
3503 ,445
3504 ,455
3505 ,450
3506 ,425
3507 ,435
3508 ,365
3509 ,415
3510 ,420
3511 ,425
3512 ,365
3513 ,465
3514 ,380
3515 ,430
3516 ,420
3517 ,425
3518 ,425
3519 ,-135
3520 ,400
3521 ,460
3522 ,380
3523 ,450
3524 ,-135
3525 ,465
3526 ,-135
3527 ,410
3528 ,415
3529 ,435
3530 ,470
3531 ,425
3532 ,450
3533 ,410
3534 ,420
3535 ,445
3536 ,445
3537 ,445
3538 ,410
3539 ,405
3540 ,445
3541 ,395
3542 ,430
3543 ,445
3544 ,435
3545 ,375
3546 ,445
3547 ,425
3548 ,390
3549 ,445
3550 ,405
3551 ,465
3552 ,420
3553 ,420
3554 ,450
3555 ,-135
3556 ,400
3557 ,405
3558 ,395
3559 ,395
3560 ,460
3561 ,400
3562 ,420
3563 ,420
3564 ,445
3565 ,445
3566 ,455
3567 ,375
3568 ,-135
3569 ,425
3570 ,430
3571 ,405
3572 ,465
3573 ,445
3574 ,460
3575 ,365
3576 ,430
3577 ,410
3578 ,385
3579 ,405
3580 ,-135
3581 ,470
3582 ,390
3583 ,415
3584 ,455
3585 ,405
3586 ,460
3587 ,-135
3588 ,425
3589 ,415
3590 ,390
3591 ,-135
3592 ,455
3593 ,460
3594 ,365
3595 ,415
3596 ,455
3597 ,370
3598 ,-135
3599 ,430
3600 ,-135
3601 ,435
3602 ,-135
3603 ,470
3604 ,425
3605 ,430
3606 ,-135
3607 ,425
3608 ,430
3609 ,435
3610 ,385
3611 ,455
3612 ,385
3613 ,395
3614 ,455
3615 ,390
3616 ,-135
3617 ,420
3618 ,-135
3619 ,-135
3620 ,380
3621 ,-135
3622 ,405
3623 ,-135
3624 ,365
3625 ,395
3626 ,415
3627 ,435
3628 ,450
3629 ,420
3630 ,445
3631 ,450
3632 ,-135
3633 ,430
3634 ,440
3635 ,405
3636 ,430
3637 ,425
3638 ,370
3639 ,430
3640 ,430
3641 ,405
3642 ,450
3643 ,415
3644 ,405
3645 ,410
3646 ,435
3647 ,465
3648 ,400
3649 ,-135
3650 ,440
3651 ,405
3652 ,425
3653 ,410
3654 ,415
3655 ,410
3656 ,465
3657 ,440
3658 ,450
3659 ,450
3660 ,460
3661 ,415
3662 ,460
3663 ,460
3664 ,445
3665 ,445
3666 ,390
3667 ,395
3668 ,420
3669 ,410
3670 ,450
3671 ,440
3672 ,-135
3673 ,-135
3674 ,-135
3675 ,395
3676 ,445
3677 ,365
3678 ,445
3679 ,410
3680 ,405
3681 ,460
3682 ,395
3683 ,435
3684 ,-135
3685 ,405
3686 ,440
3687 ,400
3688 ,420
3689 ,410
3690 ,440
3691 ,400
3692 ,465
3693 ,440
3694 ,385
3695 ,-135
3696 ,420
3697 ,430
3698 ,-135
3699 ,405
3700 ,380
3701 ,445
3702 ,460
3703 ,445
3704 ,415
3705 ,-135
3706 ,455
3707 ,425
3708 ,455
3709 ,390
3710 ,430
3711 ,-135
3712 ,420
3713 ,435
3714 ,460
3715 ,430
3716 ,-135
3717 ,430
3718 ,455
3719 ,415
3720 ,460
3721 ,410
3722 ,440
3723 ,415
3724 ,455
3725 ,365
3726 ,-135
3727 ,370
3728 ,395
3729 ,395
3730 ,425
3731 ,420
3732 ,385
3733 ,445
3734 ,470
3735 ,-135
3736 ,440
3737 ,365
3738 ,-135
3739 ,440
3740 ,460
3741 ,400
3742 ,455
3743 ,-135
3744 ,440
3745 ,425
3746 ,430
3747 ,395
3748 ,420
3749 ,-135
3750 ,395
3751 ,420
3752 ,400
3753 ,455
3754 ,-135
3755 ,395
3756 ,370
3757 ,365
3758 ,410
3759 ,-135
3760 ,440
3761 ,390
3762 ,470
3763 ,-135
3764 ,365
3765 ,-135
3766 ,425
3767 ,385
3768 ,410
3769 ,450
3770 ,465
3771 ,395
3772 ,440
3773 ,435
3774 ,425
3775 ,420
3776 ,405
3777 ,395
3778 ,450
3779 ,395
3780 ,420
3781 ,370
3782 ,365
3783 ,465
3784 ,395
3785 ,365
3786 ,-135
3787 ,445
3788 ,-135
3789 ,420
3790 ,405
3791 ,400
3792 ,430
3793 ,425
3794 ,455
3795 ,425
3796 ,390
3797 ,410
3798 ,385
3799 ,450
3800 ,-135
3801 ,435
3802 ,-135
3803 ,460
3804 ,405
3805 ,420
3806 ,370
3807 ,430
3808 ,450
3809 ,-135
3810 ,-135
3811 ,-135
3812 ,395
3813 ,450
3814 ,415
3815 ,450
3816 ,-135
3817 ,420
3818 ,420
3819 ,465
3820 ,385
3821 ,370
3822 ,395
3823 ,405
3824 ,390
3825 ,460
3826 ,420
3827 ,450
3828 ,-135
3829 ,375
3830 ,435
3831 ,430
3832 ,415
3833 ,405
3834 ,420
3835 ,455
3836 ,405
3837 ,410
3838 ,395
3839 ,380
3840 ,-135
3841 ,450
3842 ,415
3843 ,410
3844 ,420
3845 ,365
3846 ,460
3847 ,445
3848 ,405
3849 ,445
3850 ,435
3851 ,460
3852 ,395
3853 ,420
3854 ,385
3855 ,-135
3856 ,425
3857 ,430
3858 ,395
3859 ,410
3860 ,390
3861 ,450
3862 ,450
3863 ,430
3864 ,405
3865 ,-135
3866 ,410
3867 ,415
3868 ,465
3869 ,415
3870 ,470
3871 ,440
3872 ,445
3873 ,450
3874 ,370
3875 ,445
3876 ,455
3877 ,425
3878 ,-135
3879 ,420
3880 ,370
3881 ,440
3882 ,425
3883 ,455
3884 ,460
3885 ,445
3886 ,400
3887 ,370
3888 ,430
3889 ,430
3890 ,430
3891 ,-135
3892 ,405
3893 ,450
3894 ,-135
3895 ,390
3896 ,395
3897 ,-135
3898 ,-135
3899 ,405
3900 ,435
3901 ,420
3902 ,405
3903 ,365
3904 ,385
3905 ,470
3906 ,375
3907 ,455
3908 ,385
3909 ,405
3910 ,430
3911 ,425
3912 ,460
3913 ,455
3914 ,415
3915 ,430
3916 ,435
3917 ,450
3918 ,430
3919 ,455
3920 ,395
3921 ,445
3922 ,440
3923 ,410
3924 ,-135
3925 ,440
3926 ,455
3927 ,-135
3928 ,375
3929 ,460
3930 ,400
3931 ,425
3932 ,440
3933 ,445
3934 ,395
3935 ,420
3936 ,420
3937 ,395
3938 ,385
3939 ,-135
3940 ,425
3941 ,385
3942 ,395
3943 ,455
3944 ,380
3945 ,-135
3946 ,-135
3947 ,405
3948 ,455
3949 ,370
3950 ,425
3951 ,435
3952 ,-135
3953 ,400
3954 ,420
3955 ,450
3956 ,440
3957 ,-135
3958 ,400
3959 ,445
3960 ,415
3961 ,460
3962 ,410
3963 ,465
3964 ,365
3965 ,-135
3966 ,-135
3967 ,415
3968 ,430
3969 ,445
3970 ,415
3971 ,455
3972 ,440
3973 ,390
3974 ,390
3975 ,410
3976 ,410
3977 ,415
3978 ,395
3979 ,395
3980 ,460
3981 ,430
3982 ,415
3983 ,440
3984 ,395
3985 ,-135
3986 ,445
3987 ,400
3988 ,365
3989 ,380
3990 ,445
3991 ,400
3992 ,450
3993 ,-135
3994 ,470
3995 ,380
3996 ,415
3997 ,400
3998 ,410
3999 ,435
4000 ,465
4001 ,415
4002 ,435
4003 ,-135
4004 ,395
4005 ,465
4006 ,-135
4007 ,-135
4008 ,395
4009 ,385
4010 ,-135
4011 ,380
4012 ,425
4013 ,-135
4014 ,-135
4015 ,425
4016 ,460
4017 ,425
4018 ,395
4019 ,460
4020 ,-135
4021 ,390
4022 ,425
4023 ,430
4024 ,435
4025 ,440
4026 ,395
4027 ,425
4028 ,380
4029 ,460
4030 ,420
4031 ,430
4032 ,405
4033 ,465
4034 ,430
4035 ,400
4036 ,375
4037 ,440
4038 ,440
4039 ,440
4040 ,470
4041 ,435
4042 ,-135
4043 ,460
4044 ,380
4045 ,445
4046 ,-135
4047 ,440
4048 ,420
4049 ,445
4050 ,410
4051 ,425
4052 ,-135
4053 ,400
4054 ,440
4055 ,405
4056 ,420
4057 ,425
4058 ,440
4059 ,430
4060 ,455
4061 ,460
4062 ,370
4063 ,-135
4064 ,465
4065 ,415
4066 ,405
4067 ,410
4068 ,380
4069 ,455
4070 ,385
4071 ,425
4072 ,425
4073 ,405
4074 ,430
4075 ,390
4076 ,435
4077 ,-135
4078 ,465
4079 ,455
4080 ,445
4081 ,445
4082 ,445
4083 ,420
4084 ,-135
4085 ,420
4086 ,405
4087 ,430
4088 ,420
4089 ,425
4090 ,455
4091 ,420
4092 ,-135
4093 ,-135
4094 ,435
4095 ,450
4096 ,410
4097 ,455
4098 ,425
4099 ,455
4100 ,435
4101 ,435
4102 ,415
4103 ,435
4104 ,440
4105 ,365
4106 ,450
4107 ,390
4108 ,-135
4109 ,420
4110 ,440
4111 ,440
4112 ,-135
4113 ,430
4114 ,450
4115 ,450
4116 ,435
4117 ,455
4118 ,450
4119 ,450
4120 ,405
4121 ,-135
4122 ,-135
4123 ,420
4124 ,-135
4125 ,410
4126 ,370
4127 ,435
4128 ,-135
4129 ,375
4130 ,440
4131 ,430
4132 ,415
4133 ,405
4134 ,405
4135 ,420
4136 ,-135
4137 ,395
4138 ,440
4139 ,415
4140 ,390
4141 ,430
4142 ,400
4143 ,420
4144 ,450
4145 ,450
4146 ,410
4147 ,410
4148 ,435
4149 ,380
4150 ,440
4151 ,405
4152 ,435
4153 ,445
4154 ,450
4155 ,385
4156 ,445
4157 ,375
4158 ,-135
4159 ,450
4160 ,440
4161 ,-135
4162 ,445
4163 ,420
4164 ,405
4165 ,435
4166 ,395
4167 ,380
4168 ,400
4169 ,385
4170 ,450
4171 ,410
4172 ,425
4173 ,410
4174 ,370
4175 ,460
4176 ,395
4177 ,-135
4178 ,430
4179 ,435
4180 ,365
4181 ,415
4182 ,425
4183 ,440
4184 ,440
4185 ,415
4186 ,375
4187 ,-135
4188 ,425
4189 ,385
4190 ,400
4191 ,460
4192 ,-135
4193 ,430
4194 ,450
4195 ,410
4196 ,455
4197 ,390
4198 ,385
4199 ,385
4200 ,465
4201 ,-135
4202 ,425
4203 ,455
4204 ,375
4205 ,415
4206 ,455
4207 ,460
4208 ,420
4209 ,445
4210 ,405
4211 ,435
4212 ,390
4213 ,415
4214 ,395
4215 ,410
4216 ,-135
4217 ,435
4218 ,415
4219 ,390
4220 ,445
4221 ,-135
4222 ,445
4223 ,425
4224 ,445
4225 ,410
4226 ,420
4227 ,415
4228 ,405
4229 ,395
4230 ,430
4231 ,-135
4232 ,-135
4233 ,420
4234 ,450
4235 ,465
4236 ,460
4237 ,-135
4238 ,405
4239 ,470
4240 ,400
4241 ,440
4242 ,410
4243 ,385
4244 ,410
4245 ,425
4246 ,450
4247 ,425
4248 ,420
4249 ,-135
4250 ,385
4251 ,400
4252 ,450
4253 ,430
4254 ,435
4255 ,395
4256 ,-135
4257 ,435
4258 ,370
4259 ,-135
4260 ,410
4261 ,400
4262 ,385
4263 ,415
4264 ,425
4265 ,395
4266 ,380
4267 ,410
4268 ,400
4269 ,385
4270 ,420
4271 ,-135
4272 ,440
4273 ,375
4274 ,430
4275 ,415
4276 ,435
4277 ,445
4278 ,375
4279 ,405
4280 ,455
4281 ,465
4282 ,445
4283 ,405
4284 ,420
4285 ,440
4286 ,-135
4287 ,455
4288 ,-135
4289 ,450
4290 ,425
4291 ,445
4292 ,465
4293 ,470
4294 ,415
4295 ,425
4296 ,435
4297 ,460
4298 ,420
4299 ,430
4300 ,430
4301 ,395
4302 ,425
4303 ,425
4304 ,435
4305 ,425
4306 ,450
4307 ,415
4308 ,420
4309 ,425
4310 ,-135
4311 ,395
4312 ,395
4313 ,365
4314 ,370
4315 ,390
4316 ,425
4317 ,-135
4318 ,445
4319 ,-135
4320 ,445
4321 ,435
4322 ,445
4323 ,435
4324 ,425
4325 ,450
4326 ,370
4327 ,425
4328 ,460
4329 ,425
4330 ,390
4331 ,450
4332 ,445
4333 ,-135
4334 ,435
4335 ,-135
4336 ,460
4337 ,445
4338 ,425
4339 ,445
4340 ,440
4341 ,465
4342 ,435
4343 ,425
4344 ,370
4345 ,410
4346 ,405
4347 ,425
4348 ,-135
4349 ,-135
4350 ,440
4351 ,425
4352 ,455
4353 ,390
4354 ,400
4355 ,410
4356 ,430
4357 ,-135
4358 ,425
4359 ,440
4360 ,-135
4361 ,415
4362 ,445
4363 ,425
4364 ,455
4365 ,445
4366 ,425
4367 ,-135
4368 ,430
4369 ,465
4370 ,465
4371 ,440
4372 ,365
4373 ,420
4374 ,395
4375 ,405
4376 ,395
4377 ,385
4378 ,460
4379 ,415
4380 ,435
4381 ,400
4382 ,-135
4383 ,380
4384 ,420
4385 ,425
4386 ,-135
4387 ,440
4388 ,470
4389 ,400
4390 ,435
4391 ,405
4392 ,385
4393 ,445
4394 ,445
4395 ,-135
4396 ,410
4397 ,445
4398 ,380
4399 ,425
4400 ,-135
4401 ,440
4402 ,450
4403 ,465
4404 ,455
4405 ,370
4406 ,430
4407 ,445
4408 ,420
4409 ,390
4410 ,425
4411 ,440
4412 ,385
4413 ,430
4414 ,455
4415 ,425
4416 ,-135
4417 ,385
4418 ,395
4419 ,410
4420 ,435
4421 ,410
4422 ,390
4423 ,380
4424 ,-135
4425 ,420
4426 ,400
4427 ,430
4428 ,415
4429 ,435
4430 ,435
4431 ,415
4432 ,390
4433 ,-135
4434 ,-135
4435 ,-135
4436 ,420
4437 ,-135
4438 ,410
4439 ,430
4440 ,385
4441 ,405
4442 ,380
4443 ,440
4444 ,455
4445 ,455
4446 ,-135
4447 ,395
4448 ,385
4449 ,415
4450 ,-135
4451 ,380
4452 ,-135
4453 ,415
4454 ,455
4455 ,440
4456 ,435
4457 ,390
4458 ,425
4459 ,450
4460 ,410
4461 ,-135
4462 ,445
4463 ,435
4464 ,425
4465 ,420
4466 ,425
4467 ,420
4468 ,445
4469 ,400
4470 ,445
4471 ,-135
4472 ,415
4473 ,425
4474 ,420
4475 ,470
4476 ,420
4477 ,455
4478 ,415
4479 ,445
4480 ,365
4481 ,460
4482 ,430
4483 ,410
4484 ,390
4485 ,-135
4486 ,-135
4487 ,455
4488 ,435
4489 ,415
4490 ,420
4491 ,-135
4492 ,445
4493 ,370
4494 ,420
4495 ,410
4496 ,395
4497 ,430
4498 ,460
4499 ,435
4500 ,445
4501 ,390
4502 ,415
4503 ,400
4504 ,405
4505 ,465
4506 ,390
4507 ,-135
4508 ,430
4509 ,440
4510 ,435
4511 ,440
4512 ,450
4513 ,425
4514 ,410
4515 ,390
4516 ,455
4517 ,415
4518 ,470
4519 ,420
4520 ,390
4521 ,420
4522 ,380
4523 ,435
4524 ,370
4525 ,470
4526 ,390
4527 ,380
4528 ,420
4529 ,460
4530 ,430
4531 ,425
4532 ,380
4533 ,425
4534 ,-135
4535 ,430
4536 ,450
4537 ,395
4538 ,-135
4539 ,-135
4540 ,445
4541 ,455
4542 ,405
4543 ,375
4544 ,405
4545 ,-135
4546 ,395
4547 ,445
4548 ,385
4549 ,410
4550 ,440
4551 ,-135
4552 ,415
4553 ,450
4554 ,455
4555 ,425
4556 ,420
4557 ,410
4558 ,-135
4559 ,-135
4560 ,390
4561 ,420
4562 ,-135
4563 ,405
4564 ,-135
4565 ,425
4566 ,435
4567 ,440
4568 ,395
4569 ,440
4570 ,400
4571 ,455
4572 ,455
4573 ,455
4574 ,425
4575 ,465
4576 ,395
4577 ,410
4578 ,450
4579 ,415
4580 ,450
4581 ,440
4582 ,450
4583 ,430
4584 ,410
4585 ,460
4586 ,385
4587 ,435
4588 ,-135
4589 ,410
4590 ,420
4591 ,400
4592 ,455
4593 ,435
4594 ,385
4595 ,445
4596 ,435
4597 ,395
4598 ,395
4599 ,410
4600 ,450
4601 ,435
4602 ,390
4603 ,440
4604 ,430
4605 ,425
4606 ,455
4607 ,440
4608 ,455
4609 ,-135
4610 ,450
4611 ,430
4612 ,440
4613 ,395
4614 ,430
4615 ,470
4616 ,445
4617 ,455
4618 ,410
4619 ,470
4620 ,-135
4621 ,395
4622 ,420
4623 ,440
4624 ,425
4625 ,435
4626 ,405
4627 ,-135
4628 ,380
4629 ,-135
4630 ,440
4631 ,405
4632 ,420
4633 ,410
4634 ,390
4635 ,425
4636 ,430
4637 ,445
4638 ,420
4639 ,-135
4640 ,-135
4641 ,415
4642 ,425
4643 ,445
4644 ,450
4645 ,455
4646 ,395
4647 ,440
4648 ,430
4649 ,405
4650 ,445
4651 ,455
4652 ,-135
4653 ,-135
4654 ,440
4655 ,440
4656 ,400
4657 ,440
4658 ,435
4659 ,-135
4660 ,400
4661 ,455
4662 ,410
4663 ,-135
4664 ,460
4665 ,425
4666 ,395
4667 ,405
4668 ,400
4669 ,405
4670 ,390
4671 ,385
4672 ,365
4673 ,435
4674 ,420
4675 ,460
4676 ,430
4677 ,405
4678 ,-135
4679 ,-135
4680 ,400
4681 ,460
4682 ,460
4683 ,420
4684 ,440
4685 ,440
4686 ,430
4687 ,405
4688 ,460
4689 ,460
4690 ,420
4691 ,460
4692 ,445
4693 ,425
4694 ,405
4695 ,460
4696 ,470
4697 ,-135
4698 ,465
4699 ,400
4700 ,450
4701 ,405
4702 ,380
4703 ,430
4704 ,460
4705 ,450
4706 ,445
4707 ,405
4708 ,390
4709 ,450
4710 ,-135
4711 ,445
4712 ,405
4713 ,420
4714 ,395
4715 ,465
4716 ,455
4717 ,380
4718 ,450
4719 ,415
4720 ,390
4721 ,440
4722 ,455
4723 ,410
4724 ,425
4725 ,440
4726 ,385
4727 ,435
4728 ,375
4729 ,375
4730 ,380
4731 ,445
4732 ,415
4733 ,410
4734 ,400
4735 ,400
4736 ,455
4737 ,-135
4738 ,390
4739 ,-135
4740 ,460
4741 ,465
4742 ,405
4743 ,440
4744 ,450
4745 ,445
4746 ,460
4747 ,-135
4748 ,365
4749 ,425
4750 ,410
4751 ,445
4752 ,425
4753 ,-135
4754 ,-135
4755 ,390
4756 ,425
4757 ,445
4758 ,430
4759 ,460
4760 ,430
4761 ,405
4762 ,430
4763 ,415
4764 ,415
4765 ,440
4766 ,415
4767 ,445
4768 ,-135
4769 ,455
4770 ,410
4771 ,450
4772 ,455
4773 ,-135
4774 ,430
4775 ,410
4776 ,415
4777 ,440
4778 ,460
4779 ,435
4780 ,460
4781 ,380
4782 ,430
4783 ,430
4784 ,405
4785 ,-135
4786 ,445
4787 ,415
4788 ,405
4789 ,415
4790 ,395
4791 ,-135
4792 ,470
4793 ,470
4794 ,380
4795 ,425
4796 ,455
4797 ,390
4798 ,460
4799 ,405
4800 ,460
4801 ,455
4802 ,-135
4803 ,385
4804 ,385
4805 ,435
4806 ,385
4807 ,-135
4808 ,-135
4809 ,385
4810 ,435
4811 ,440
4812 ,410
4813 ,420
4814 ,445
4815 ,440
4816 ,450
4817 ,460
4818 ,460
4819 ,440
4820 ,430
4821 ,410
4822 ,430
4823 ,410
4824 ,440
4825 ,365
4826 ,450
4827 ,445
4828 ,440
4829 ,-135
4830 ,365
4831 ,390
4832 ,420
4833 ,445
4834 ,400
4835 ,450
4836 ,450
4837 ,-135
4838 ,435
4839 ,430
4840 ,420
4841 ,455
4842 ,-135
4843 ,460
4844 ,-135
4845 ,460
4846 ,445
4847 ,435
4848 ,440
4849 ,440
4850 ,435
4851 ,465
4852 ,435
4853 ,420
4854 ,405
4855 ,445
4856 ,450
4857 ,400
4858 ,380
4859 ,415
4860 ,435
4861 ,445
4862 ,455
4863 ,430
4864 ,450
4865 ,470
4866 ,380
4867 ,-135
4868 ,470
4869 ,440
4870 ,435
4871 ,400
4872 ,405
4873 ,450
4874 ,435
4875 ,470
4876 ,390
4877 ,395
4878 ,-135
4879 ,455
4880 ,-135
4881 ,465
4882 ,420
4883 ,420
4884 ,460
4885 ,405
4886 ,395
4887 ,470
4888 ,460
4889 ,455
4890 ,435
4891 ,470
4892 ,365
4893 ,395
4894 ,380
4895 ,-135
4896 ,455
4897 ,385
4898 ,375
4899 ,450
4900 ,-135
4901 ,380
4902 ,460
4903 ,450
4904 ,395
4905 ,460
4906 ,385
4907 ,430
4908 ,385
4909 ,370
4910 ,415
4911 ,460
4912 ,375
4913 ,415
4914 ,-135
4915 ,455
4916 ,395
4917 ,440
4918 ,370
4919 ,440
4920 ,420
4921 ,380
4922 ,435
4923 ,410
4924 ,395
4925 ,415
4926 ,395
4927 ,390
4928 ,430
4929 ,450
4930 ,425
4931 ,390
4932 ,440
4933 ,400
4934 ,405
4935 ,470
4936 ,425
4937 ,450
4938 ,410
4939 ,375
4940 ,385
4941 ,445
4942 ,455
4943 ,-135
4944 ,430
4945 ,440
4946 ,455
4947 ,-135
4948 ,400
4949 ,450
4950 ,385
4951 ,435
4952 ,450
4953 ,385
4954 ,465
4955 ,395
4956 ,445
4957 ,385
4958 ,425
4959 ,410
4960 ,410
4961 ,460
4962 ,445
4963 ,410
4964 ,425
4965 ,440
4966 ,460
4967 ,430
4968 ,395
4969 ,390
4970 ,365
4971 ,400
4972 ,405
4973 ,460
4974 ,415
4975 ,375
4976 ,370
4977 ,465
4978 ,415
4979 ,440
4980 ,440
4981 ,425
4982 ,440
4983 ,430
4984 ,415
4985 ,435
4986 ,400
4987 ,455
4988 ,415
4989 ,395
4990 ,-135
4991 ,405
4992 ,430
4993 ,460
4994 ,415
4995 ,455
4996 ,395
4997 ,450
4998 ,455
4999 ,420
5000 ,435
5001 ,440
5002 ,380
5003 ,-135
5004 ,450
5005 ,380
5006 ,430
5007 ,-135
5008 ,430
5009 ,-135
5010 ,430
5011 ,395
5012 ,415
5013 ,450
5014 ,380
5015 ,440
5016 ,-135
5017 ,415
5018 ,425
5019 ,425
5020 ,445
5021 ,425
5022 ,425
5023 ,-135
5024 ,465
5025 ,405
5026 ,470
5027 ,405
5028 ,440
5029 ,-135
5030 ,440
5031 ,-135
5032 ,445
5033 ,415
5034 ,435
5035 ,435
5036 ,455
5037 ,-135
5038 ,465
5039 ,435
5040 ,415
5041 ,430
5042 ,365
5043 ,460
5044 ,450
5045 ,410
5046 ,-135
5047 ,425
5048 ,415
5049 ,450
5050 ,430
5051 ,415
5052 ,400
5053 ,425
5054 ,415
5055 ,445
5056 ,445
5057 ,445
5058 ,425
5059 ,390
5060 ,435
5061 ,445
5062 ,430
5063 ,390
5064 ,395
5065 ,430
5066 ,435
5067 ,450
5068 ,425
5069 ,420
5070 ,440
5071 ,460
5072 ,445
5073 ,425
5074 ,-135
5075 ,410
5076 ,435
5077 ,365
5078 ,450
5079 ,410
5080 ,400
5081 ,470
5082 ,-135
5083 ,415
5084 ,400
5085 ,400
5086 ,405
5087 ,455
5088 ,395
5089 ,-135
5090 ,-135
5091 ,445
5092 ,415
5093 ,425
5094 ,425
5095 ,410
5096 ,450
5097 ,415
5098 ,455
5099 ,390
5100 ,450
5101 ,420
5102 ,405
5103 ,425
5104 ,-135
5105 ,410
5106 ,390
5107 ,445
5108 ,425
5109 ,415
5110 ,440
5111 ,-135
5112 ,395
5113 ,440
5114 ,410
5115 ,455
5116 ,415
5117 ,395
5118 ,400
5119 ,420
5120 ,-135
5121 ,455
5122 ,445
5123 ,405
5124 ,440
5125 ,410
5126 ,430
5127 ,445
5128 ,435
5129 ,440
5130 ,445
5131 ,420
5132 ,400
5133 ,410
5134 ,405
5135 ,375
5136 ,435
5137 ,440
5138 ,405
5139 ,375
5140 ,395
5141 ,465
5142 ,465
5143 ,-135
5144 ,435
5145 ,390
5146 ,470
5147 ,455
5148 ,445
5149 ,430
5150 ,395
5151 ,405
5152 ,415
5153 ,450
5154 ,470
5155 ,465
5156 ,450
5157 ,390
5158 ,455
5159 ,-135
5160 ,445
5161 ,435
5162 ,410
5163 ,445
5164 ,430
5165 ,-135
5166 ,-135
5167 ,390
5168 ,455
5169 ,415
5170 ,380
5171 ,400
5172 ,-135
5173 ,455
5174 ,450
5175 ,425
5176 ,425
5177 ,390
5178 ,405
5179 ,-135
5180 ,-135
5181 ,460
5182 ,385
5183 ,430
5184 ,415
5185 ,465
5186 ,420
5187 ,410
5188 ,430
5189 ,400
5190 ,-135
5191 ,465
5192 ,455
5193 ,395
5194 ,370
5195 ,390
5196 ,410
5197 ,405
5198 ,465
5199 ,430
5200 ,-135
5201 ,405
5202 ,415
5203 ,385
5204 ,440
5205 ,470
5206 ,435
5207 ,440
5208 ,430
5209 ,455
5210 ,-135
5211 ,430
5212 ,440
5213 ,410
5214 ,365
5215 ,415
5216 ,450
5217 ,415
5218 ,450
5219 ,405
5220 ,385
5221 ,-135
5222 ,400
5223 ,415
5224 ,420
5225 ,425
5226 ,430
5227 ,400
5228 ,455
5229 ,420
5230 ,-135
5231 ,380
5232 ,380
5233 ,415
5234 ,375
5235 ,-135
5236 ,-135
5237 ,430
5238 ,415
5239 ,430
5240 ,365
5241 ,415
5242 ,460
5243 ,400
5244 ,435
5245 ,395
5246 ,415
5247 ,410
5248 ,435
5249 ,395
5250 ,365
5251 ,450
5252 ,425
5253 ,435
5254 ,440
5255 ,-135
5256 ,365
5257 ,395
5258 ,400
5259 ,420
5260 ,440
5261 ,425
5262 ,420
5263 ,405
5264 ,385
5265 ,430
5266 ,385
5267 ,395
5268 ,405
5269 ,370
5270 ,430
5271 ,400
5272 ,400
5273 ,-135
5274 ,410
5275 ,470
5276 ,445
5277 ,-135
5278 ,365
5279 ,380
5280 ,440
5281 ,-135
5282 ,405
5283 ,455
5284 ,395
5285 ,-135
5286 ,-135
5287 ,400
5288 ,435
5289 ,445
5290 ,-135
5291 ,410
5292 ,435
5293 ,420
5294 ,445
5295 ,395
5296 ,460
5297 ,400
5298 ,415
5299 ,-135
5300 ,365
5301 ,445
5302 ,440
5303 ,420
5304 ,385
5305 ,420
5306 ,455
5307 ,-135
5308 ,445
5309 ,395
5310 ,445
5311 ,415
5312 ,420
5313 ,435
5314 ,380
5315 ,425
5316 ,400
5317 ,-135
5318 ,-135
5319 ,-135
5320 ,440
5321 ,435
5322 ,410
5323 ,425
5324 ,410
5325 ,-135
5326 ,435
5327 ,420
5328 ,395
5329 ,435
5330 ,455
5331 ,420
5332 ,445
5333 ,390
5334 ,430
5335 ,385
5336 ,365
5337 ,445
5338 ,365
5339 ,445
5340 ,405
5341 ,395
5342 ,430
5343 ,395
5344 ,375
5345 ,420
5346 ,450
5347 ,450
5348 ,-135
5349 ,-135
5350 ,445
5351 ,370
5352 ,410
5353 ,395
5354 ,435
5355 ,-135
5356 ,415
5357 ,425
5358 ,435
5359 ,405
5360 ,420
5361 ,435
5362 ,420
5363 ,435
5364 ,-135
5365 ,420
5366 ,-135
5367 ,-135
5368 ,395
5369 ,-135
5370 ,420
5371 ,-135
5372 ,400
5373 ,420
5374 ,435
5375 ,375
5376 ,380
5377 ,-135
5378 ,440
5379 ,390
5380 ,455
5381 ,365
5382 ,-135
5383 ,450
5384 ,400
5385 ,415
5386 ,-135
5387 ,-135
5388 ,430
5389 ,445
5390 ,-135
5391 ,385
5392 ,470
5393 ,-135
5394 ,455
5395 ,385
5396 ,445
5397 ,410
5398 ,450
5399 ,430
5400 ,440
5401 ,-135
5402 ,400
5403 ,415
5404 ,435
5405 ,-135
5406 ,430
5407 ,-135
5408 ,385
5409 ,425
5410 ,405
5411 ,440
5412 ,370
5413 ,395
5414 ,-135
5415 ,445
5416 ,410
5417 ,455
5418 ,395
5419 ,430
5420 ,375
5421 ,450
5422 ,460
5423 ,445
5424 ,405
5425 ,440
5426 ,375
5427 ,405
5428 ,385
5429 ,455
5430 ,380
5431 ,440
5432 ,365
5433 ,410
5434 ,400
5435 ,385
5436 ,435
5437 ,435
5438 ,-135
5439 ,455
5440 ,430
5441 ,-135
5442 ,430
5443 ,440
5444 ,450
5445 ,450
5446 ,455
5447 ,-135
5448 ,430
5449 ,435
5450 ,-135
5451 ,395
5452 ,395
5453 ,415
5454 ,420
5455 ,445
5456 ,420
5457 ,450
5458 ,400
5459 ,450
5460 ,445
5461 ,410
5462 ,400
5463 ,420
5464 ,460
5465 ,365
5466 ,390
5467 ,-135
5468 ,410
5469 ,460
5470 ,375
5471 ,-135
5472 ,390
5473 ,455
5474 ,-135
5475 ,390
5476 ,385
5477 ,465
5478 ,435
5479 ,-135
5480 ,425
5481 ,380
5482 ,-135
5483 ,440
5484 ,460
5485 ,415
5486 ,385
5487 ,430
5488 ,435
5489 ,390
5490 ,375
5491 ,-135
5492 ,440
5493 ,-135
5494 ,415
5495 ,405
5496 ,-135
5497 ,-135
5498 ,465
5499 ,380
5500 ,440
5501 ,-135
5502 ,400
5503 ,430
5504 ,460
5505 ,-135
5506 ,-135
5507 ,435
5508 ,450
5509 ,450
5510 ,420
5511 ,460
5512 ,410
5513 ,405
5514 ,430
5515 ,420
5516 ,445
5517 ,410
5518 ,400
5519 ,410
5520 ,430
5521 ,415
5522 ,440
5523 ,425
5524 ,-135
5525 ,400
5526 ,455
5527 ,445
5528 ,460
5529 ,460
5530 ,390
5531 ,450
5532 ,460
5533 ,400
5534 ,-135
5535 ,415
5536 ,430
5537 ,425
5538 ,450
5539 ,370
5540 ,450
5541 ,440
5542 ,420
5543 ,410
5544 ,415
5545 ,380
5546 ,420
5547 ,415
5548 ,-135
5549 ,385
5550 ,450
5551 ,370
5552 ,440
5553 ,425
5554 ,420
5555 ,445
5556 ,400
5557 ,405
5558 ,445
5559 ,390
5560 ,-135
5561 ,420
5562 ,425
5563 ,405
5564 ,-135
5565 ,395
5566 ,415
5567 ,395
5568 ,390
5569 ,400
5570 ,415
5571 ,460
5572 ,-135
5573 ,370
5574 ,445
5575 ,420
5576 ,465
5577 ,430
5578 ,420
5579 ,435
5580 ,415
5581 ,450
5582 ,440
5583 ,440
5584 ,425
5585 ,-135
5586 ,400
5587 ,415
5588 ,405
5589 ,445
5590 ,410
5591 ,-135
5592 ,-135
5593 ,415
5594 ,440
5595 ,375
5596 ,435
5597 ,425
5598 ,395
5599 ,440
5600 ,435
5601 ,425
5602 ,425
5603 ,390
5604 ,435
5605 ,395
5606 ,365
5607 ,400
5608 ,420
5609 ,440
5610 ,375
5611 ,-135
5612 ,380
5613 ,425
5614 ,435
5615 ,-135
5616 ,375
5617 ,460
5618 ,460
5619 ,430
5620 ,425
5621 ,440
5622 ,455
5623 ,445
5624 ,430
5625 ,460
5626 ,390
5627 ,385
5628 ,415
5629 ,385
5630 ,400
5631 ,400
5632 ,435
5633 ,-135
5634 ,375
5635 ,365
5636 ,465
5637 ,445
5638 ,440
5639 ,410
5640 ,410
5641 ,440
5642 ,440
5643 ,-135
5644 ,435
5645 ,425
5646 ,420
5647 ,400
5648 ,465
5649 ,-135
5650 ,465
5651 ,370
5652 ,-135
5653 ,425
5654 ,425
5655 ,425
5656 ,420
5657 ,450
5658 ,420
5659 ,440
5660 ,410
5661 ,380
5662 ,450
5663 ,460
5664 ,405
5665 ,450
5666 ,455
5667 ,410
5668 ,440
5669 ,-135
5670 ,395
5671 ,440
5672 ,420
5673 ,415
5674 ,445
5675 ,460
5676 ,370
5677 ,435
5678 ,365
5679 ,370
5680 ,420
5681 ,450
5682 ,455
5683 ,385
5684 ,-135
5685 ,415
5686 ,455
5687 ,395
5688 ,415
5689 ,460
5690 ,380
5691 ,435
5692 ,-135
5693 ,365
5694 ,455
5695 ,-135
5696 ,445
5697 ,410
5698 ,405
5699 ,470
5700 ,-135
5701 ,-135
5702 ,455
5703 ,435
5704 ,410
5705 ,425
5706 ,445
5707 ,410
5708 ,410
5709 ,380
5710 ,460
5711 ,365
5712 ,430
5713 ,450
5714 ,465
5715 ,405
5716 ,400
5717 ,410
5718 ,420
5719 ,385
5720 ,420
5721 ,-135
5722 ,405
5723 ,460
5724 ,410
5725 ,465
5726 ,425
5727 ,420
5728 ,440
5729 ,440
5730 ,375
5731 ,-135
5732 ,-135
5733 ,-135
5734 ,390
5735 ,460
5736 ,455
5737 ,430
5738 ,400
5739 ,445
5740 ,465
5741 ,-135
5742 ,390
5743 ,-135
5744 ,-135
5745 ,380
5746 ,445
5747 ,410
5748 ,385
5749 ,400
5750 ,435
5751 ,380
5752 ,425
5753 ,-135
5754 ,460
5755 ,465
5756 ,405
5757 ,430
5758 ,405
5759 ,430
5760 ,385
5761 ,445
5762 ,410
5763 ,-135
5764 ,420
5765 ,445
5766 ,425
5767 ,410
5768 ,410
5769 ,385
5770 ,455
5771 ,445
5772 ,365
5773 ,385
5774 ,460
5775 ,400
5776 ,-135
5777 ,435
5778 ,400
5779 ,370
5780 ,445
5781 ,440
5782 ,405
5783 ,410
5784 ,400
5785 ,445
5786 ,-135
5787 ,415
5788 ,365
5789 ,375
5790 ,420
5791 ,-135
5792 ,420
5793 ,-135
5794 ,370
5795 ,430
5796 ,465
5797 ,405
5798 ,415
5799 ,395
5800 ,430
5801 ,410
5802 ,445
5803 ,440
5804 ,430
5805 ,435
5806 ,380
5807 ,400
5808 ,365
5809 ,385
5810 ,370
5811 ,450
5812 ,395
5813 ,415
5814 ,460
5815 ,-135
5816 ,415
5817 ,410
5818 ,425
5819 ,430
5820 ,430
5821 ,460
5822 ,420
5823 ,430
5824 ,430
5825 ,420
5826 ,400
5827 ,450
5828 ,450
5829 ,-135
5830 ,440
5831 ,-135
5832 ,390
5833 ,470
5834 ,425
5835 ,440
5836 ,435
5837 ,405
5838 ,385
5839 ,450
5840 ,425
5841 ,380
5842 ,395
5843 ,405
5844 ,415
5845 ,-135
5846 ,375
5847 ,-135
5848 ,395
5849 ,425
5850 ,410
5851 ,405
5852 ,395
5853 ,-135
5854 ,455
5855 ,445
5856 ,430
5857 ,470
5858 ,420
5859 ,435
5860 ,445
5861 ,-135
5862 ,425
5863 ,450
5864 ,425
5865 ,450
5866 ,415
5867 ,-135
5868 ,410
5869 ,425
5870 ,440
5871 ,420
5872 ,405
5873 ,-135
5874 ,445
5875 ,435
5876 ,410
5877 ,395
5878 ,-135
5879 ,425
5880 ,460
5881 ,390
5882 ,370
5883 ,410
5884 ,435
5885 ,445
5886 ,450
5887 ,455
5888 ,370
5889 ,450
5890 ,445
5891 ,415
5892 ,395
5893 ,370
5894 ,415
5895 ,405
5896 ,380
5897 ,445
5898 ,415
5899 ,425
5900 ,400
5901 ,365
5902 ,400
5903 ,385
5904 ,430
5905 ,420
5906 ,455
5907 ,445
5908 ,455
5909 ,-135
5910 ,460
5911 ,430
5912 ,450
5913 ,395
5914 ,425
5915 ,380
5916 ,440
5917 ,395
5918 ,400
5919 ,415
5920 ,445
5921 ,375
5922 ,450
5923 ,435
5924 ,415
5925 ,450
5926 ,445
5927 ,410
5928 ,375
5929 ,430
5930 ,405
5931 ,405
5932 ,465
5933 ,405
5934 ,445
5935 ,445
5936 ,405
5937 ,400
5938 ,375
5939 ,425
5940 ,445
5941 ,430
5942 ,-135
5943 ,415
5944 ,450
5945 ,440
5946 ,-135
5947 ,435
5948 ,415
5949 ,375
5950 ,405
5951 ,385
5952 ,435
5953 ,-135
5954 ,405
5955 ,445
5956 ,415
5957 ,405
5958 ,455
5959 ,410
5960 ,430
5961 ,-135
5962 ,445
5963 ,400
5964 ,425
5965 ,390
5966 ,435
5967 ,425
5968 ,405
5969 ,465
5970 ,455
5971 ,385
5972 ,445
5973 ,385
5974 ,425
5975 ,440
5976 ,415
5977 ,405
5978 ,370
5979 ,400
5980 ,460
5981 ,460
5982 ,455
5983 ,440
5984 ,430
5985 ,460
5986 ,430
5987 ,445
5988 ,410
5989 ,-135
5990 ,415
5991 ,430
5992 ,440
5993 ,455
5994 ,-135
5995 ,445
5996 ,440
5997 ,-135
5998 ,390
5999 ,410
